Media Source,Campaign,Campaign Id,Cohort Day,Users,Cost,Average eCPI,revenue - sum - day 0,revenue - sum - day 1,revenue - sum - day 2,revenue - sum - day 3,revenue - sum - day 4,revenue - sum - day 5,revenue - sum - day 6,revenue - sum - day 7,revenue - sum - day 8,revenue - sum - day 9,revenue - sum - day 10,revenue - sum - day 11,revenue - sum - day 12,revenue - sum - day 13,revenue - sum - day 14,revenue - sum - day 15,revenue - sum - day 16,revenue - sum - day 17,revenue - sum - day 18,revenue - sum - day 19,revenue - sum - day 20,revenue - sum - day 21 - partial,revenue - sum - day 22 - partial,revenue - sum - day 23 - partial,revenue - sum - day 24 - partial,revenue - sum - day 25 - partial,revenue - sum - day 26 - partial,revenue - sum - day 27 - partial,revenue - sum - day 28 - partial
Facebook Ads,youdaozhixuan_Liveme_FB__PH_01_aaa_page002_ys_0210_,2.385248167094053e+16,2023-02-14,1394,98.1,0.07,46.16,58.87,64.78,68.87,71.52,73.62,75.65,77.4,78.83,80.54,82.24,83.71,85.08,86.33,87.62,88.71,89.8,90.9,91.57,92.71,93.71,93.71,93.71,93.71,93.71,93.71,93.71,93.71,93.71
Facebook Ads,youdaozhixuan_Liveme_FB__PH_01_aaa_page002_ys_0210_,2.385248167094053e+16,2023-02-13,1387,99.48,0.07,46.14,58.25,63.43,67.31,70.01,72.18,74.07,75.5,77.12,78.13,79.72,80.98,82.33,83.78,85.0,86.0,86.89,87.76,88.73,89.66,90.72,91.92,91.92,91.92,91.92,91.92,91.92,91.92,91.92
Facebook Ads,$facebook_int$AND$MX$MAItangjie0131,2.3853623620360404e+16,2023-02-13,1268,101.47,0.08,38.37,47.34,51.02,53.85,56.32,59.2,60.17,60.85,61.48,62.12,62.89,63.78,64.41,65.14,65.86,66.31,66.9,67.41,67.77,68.2,69.16,70.09,70.09,70.09,70.09,70.09,70.09,70.09,70.09
Facebook Ads,youdaozhixuan_Liveme_FB__PH_01_aaa_page002_ys_0210_,2.385248167094053e+16,2023-02-15,1264,97.64,0.08,41.81,51.63,57.85,61.42,64.4,66.47,68.3,70.05,72.05,73.76,75.65,76.98,78.53,80.05,81.08,82.1,83.16,84.17,85.42,86.55,86.55,86.55,86.55,86.55,86.55,86.55,86.55,86.55,86.55
Facebook Ads,youdaozhixuan_Liveme_FB__PH_01_aaa_page002_ys_0210_,2.385248167094053e+16,2023-02-11,1245,85.06,0.07,44.03,53.28,58.04,62.35,65.23,67.48,69.13,70.41,71.62,73.1,74.38,75.28,76.32,77.22,78.44,79.32,80.34,81.54,82.37,83.26,84.13,85.0,85.83,86.92,86.92,86.92,86.92,86.92,86.92
Facebook Ads,$facebook_int$AND$MX$MAItangjie0131,2.3853623620360404e+16,2023-02-11,1234,106.17,0.09,40.83,48.52,53.22,56.77,59.25,60.57,61.69,62.45,63.0,63.5,63.97,64.32,64.96,65.71,66.23,66.76,67.31,67.85,68.4,68.88,69.23,69.67,70.35,71.04,71.04,71.04,71.04,71.04,71.04
Facebook Ads,$facebook_int$AND$MX$MAItangjie0131,2.3853623620360404e+16,2023-02-10,1199,106.58,0.09,48.68,57.57,62.23,65.71,69.09,72.56,74.37,75.68,77.04,77.76,78.5,79.15,79.64,80.27,81.09,82.37,83.14,83.68,84.29,85.03,85.68,86.23,87.22,88.0,88.79,88.79,88.79,88.79,88.79
Facebook Ads,$facebook_int$AND$MX$MAItangjie0131,2.3853623620360404e+16,2023-02-15,1182,97.94,0.08,45.14,54.77,60.87,64.91,68.12,70.44,72.74,74.8,76.29,78.23,80.77,82.3,83.81,85.23,86.32,87.01,87.99,89.08,90.37,91.65,91.65,91.65,91.65,91.65,91.65,91.65,91.65,91.65,91.65
Facebook Ads,$facebook_int$AND$MX$MAItangjie0131,2.3853623620360404e+16,2023-02-12,1108,101.49,0.09,37.68,46.32,51.22,53.9,56.53,58.66,60.75,61.39,62.15,62.88,63.58,64.42,65.31,66.11,66.77,67.32,67.9,68.44,68.87,69.45,69.78,70.69,71.35,71.35,71.35,71.35,71.35,71.35,71.35
Facebook Ads,$facebook_int$AND$MX$MAItangjie0131,2.3853623620360404e+16,2023-02-14,1090,101.66,0.09,42.59,50.84,54.88,57.6,60.59,62.15,63.47,64.44,65.01,65.97,66.84,67.72,68.99,69.69,70.47,71.25,71.88,72.55,73.5,74.38,75.11,75.11,75.11,75.11,75.11,75.11,75.11,75.11,75.11
Facebook Ads,youdaozhixuan_Liveme_FB__PH_01_aaa_page002_ys_0210_,2.385248167094053e+16,2023-02-12,1088,89.37,0.08,38.35,49.46,55.1,58.48,60.83,62.81,65.35,66.87,68.46,69.82,70.78,72.34,73.82,75.13,76.33,77.27,78.18,78.76,79.3,79.92,80.46,80.91,81.58,81.58,81.58,81.58,81.58,81.58,81.58
Facebook Ads,$facebook_int$AND$MX$MAItangjie0131,2.3853623620360404e+16,2023-02-08,915,100.21,0.11,45.8,61.06,68.29,72.68,76.09,79.41,81.63,84.26,87.35,89.91,92.02,92.87,93.78,94.32,94.9,95.92,96.8,97.95,99.6,100.32,100.93,101.36,101.72,101.99,102.31,102.85,103.43,103.43,103.43
Facebook Ads,$facebook_int$AND$PH$MAItangjie0131 – Copy,2.3853682073710404e+16,2023-02-13,788,70.18,0.09,22.27,28.46,31.72,34.3,35.97,37.43,38.42,39.38,40.2,40.91,41.76,42.39,43.13,43.7,44.47,45.0,45.42,45.94,46.32,46.76,47.1,47.49,47.49,47.49,47.49,47.49,47.49,47.49,47.49
Facebook Ads,youdaozhixuan_Liveme_FB_mess cleaner_MX_03_aaa_page002_ys_0210-2_ON,2.385364597840077e+16,2023-02-15,756,50.14,0.07,26.99,31.04,34.67,36.62,37.58,38.95,39.48,39.76,40.34,41.13,42.03,42.69,43.12,43.44,43.88,44.3,44.8,45.27,45.89,46.53,46.53,46.53,46.53,46.53,46.53,46.53,46.53,46.53,46.53
Facebook Ads,$facebook_int$AND$MX$MAItangjie0131,2.3853623620360404e+16,2023-02-09,749,81.62,0.11,32.41,44.0,52.31,56.53,58.82,61.51,63.62,65.24,67.65,69.46,70.47,71.43,72.2,72.7,73.64,74.52,75.17,76.12,76.71,77.12,77.49,77.72,78.16,78.58,79.05,79.88,79.88,79.88,79.88
Facebook Ads,youdaozhixuan_Liveme_FB_mess cleaner_MX_03_aaa_page002_ys_0210-2_ON,2.385364597840077e+16,2023-02-14,735,50.8,0.07,23.36,28.55,31.26,33.56,34.89,35.85,36.79,37.08,37.31,37.66,38.0,38.5,38.87,39.19,39.6,40.02,40.31,40.76,41.15,41.74,42.21,42.21,42.21,42.21,42.21,42.21,42.21,42.21,42.21
Facebook Ads,youdaozhixuan_Liveme_FB_mess cleaner_MX_03_aaa_page002_ys_0210-2_ON,2.385364597840077e+16,2023-02-13,701,51.3,0.07,23.43,31.79,34.94,37.39,38.91,39.72,40.58,41.23,41.77,42.26,42.88,43.51,43.99,44.5,45.17,45.68,46.24,46.67,47.05,47.42,47.99,48.47,48.47,48.47,48.47,48.47,48.47,48.47,48.47
Facebook Ads,youdaozhixuan_Liveme_FB_mess cleaner_MX_03_aaa_page002_ys_0210-2_ON,2.385364597840077e+16,2023-02-11,682,55.77,0.08,23.51,26.97,29.39,31.37,32.31,33.12,33.75,34.05,34.3,34.38,34.55,34.59,34.73,35.14,35.52,36.08,36.28,36.48,36.77,36.98,37.06,37.2,37.41,37.65,37.65,37.65,37.65,37.65,37.65
Facebook Ads,$facebook_int$AND$PH$MAItangjie0131 – Copy,2.3853682073710404e+16,2023-02-11,662,67.08,0.1,18.96,24.55,27.33,28.97,30.86,31.99,32.78,33.32,33.87,34.36,34.75,35.37,35.84,36.26,36.85,37.22,37.61,37.99,38.29,38.63,38.94,39.47,40.03,40.48,40.48,40.48,40.48,40.48,40.48
Facebook Ads,youdaozhixuan_Liveme_FB_mess cleaner_MX_03_aaa_page002_ys_0210-2_ON,2.385364597840077e+16,2023-02-12,661,51.1,0.08,20.36,24.94,27.46,28.92,30.09,31.1,32.14,32.91,33.33,33.71,34.26,34.92,35.58,36.1,36.63,37.07,37.34,37.63,37.97,38.27,38.51,39.03,39.39,39.39,39.39,39.39,39.39,39.39,39.39
Facebook Ads,$facebook_int$AND$PH$MAItangjie0131 – Copy,2.3853682073710404e+16,2023-02-12,647,71.76,0.11,17.98,23.43,26.51,28.77,30.35,31.85,32.72,33.77,34.83,35.59,36.23,37.21,37.79,38.48,39.22,39.83,40.45,41.07,41.64,42.23,42.7,43.12,43.56,43.56,43.56,43.56,43.56,43.56,43.56
Facebook Ads,$facebook_int$AND$PH$MAItangjie0131 – Copy,2.3853682073710404e+16,2023-02-10,640,66.68,0.1,21.03,27.53,29.87,32.21,33.7,34.71,35.93,37.25,37.89,38.61,39.08,39.52,39.96,40.4,40.92,41.32,41.8,42.16,42.5,42.66,42.86,43.22,43.39,43.6,43.98,43.98,43.98,43.98,43.98
Facebook Ads,$facebook_int$AND$PH$MAItangjie0131 – Copy,2.3853682073710404e+16,2023-02-09,620,65.77,0.11,22.58,28.61,31.52,33.94,35.92,37.1,38.55,39.54,40.49,41.32,41.91,42.56,43.09,43.74,44.22,44.61,45.03,45.47,45.87,46.28,46.66,46.95,47.37,47.65,48.0,48.35,48.35,48.35,48.35
Facebook Ads,$facebook_int$AND$BR$MAItangjie0131 – Copy2,2.3853718851330404e+16,2023-02-12,521,41.41,0.08,18.2,23.16,25.85,27.52,28.68,29.51,30.78,31.78,32.2,32.56,33.48,33.98,34.34,34.6,34.89,35.09,35.29,35.47,35.58,35.7,35.85,36.03,36.28,36.28,36.28,36.28,36.28,36.28,36.28
Facebook Ads,$facebook_int$AND$BR$MAItangjie0131 – Copy2,2.3853718851330404e+16,2023-02-11,514,45.35,0.09,20.15,24.26,26.06,27.61,28.48,29.0,29.88,30.37,30.79,31.18,31.77,32.5,33.15,33.48,33.95,34.21,34.53,35.43,35.64,36.07,36.5,36.98,37.49,38.09,38.09,38.09,38.09,38.09,38.09
Facebook Ads,$facebook_int$AND$BR$MAItangjie0131 – Copy2,2.3853718851330404e+16,2023-02-13,513,42.4,0.08,19.22,21.93,23.34,24.86,25.39,25.98,26.26,26.69,27.03,27.25,27.61,27.9,28.13,28.27,28.6,28.83,28.95,29.09,29.4,29.86,30.2,30.52,30.52,30.52,30.52,30.52,30.52,30.52,30.52
Facebook Ads,$facebook_int$AND$BR$MAItangjie0131 – Copy2,2.3853718851330404e+16,2023-02-15,509,45.19,0.09,19.94,23.89,26.3,27.57,28.4,29.36,30.31,31.19,31.7,32.13,32.42,32.8,33.25,33.53,33.92,34.32,34.53,34.89,35.16,36.06,36.06,36.06,36.06,36.06,36.06,36.06,36.06,36.06,36.06
Facebook Ads,$facebook_int$AND$PH$MAItangjie0131 – Copy,2.3853682073710404e+16,2023-02-14,508,43.41,0.09,12.83,17.51,19.68,21.02,22.85,23.7,24.92,25.66,26.29,26.95,27.6,28.14,28.73,29.12,29.57,30.35,30.7,31.23,31.6,31.96,32.26,32.26,32.26,32.26,32.26,32.26,32.26,32.26,32.26
Facebook Ads,$facebook_int$AND$BR$MAItangjie0131 – Copy2,2.3853718851330404e+16,2023-02-14,495,40.74,0.08,21.34,25.49,27.28,28.47,29.2,29.7,30.4,30.75,30.9,31.16,31.41,31.64,31.77,31.99,32.15,32.32,32.5,32.62,32.8,33.2,33.51,33.51,33.51,33.51,33.51,33.51,33.51,33.51,33.51
Facebook Ads,$facebook_int$AND$PH$MAItangjie0131 – Copy 2代,2.3853735007790404e+16,2023-02-15,475,38.09,0.08,13.85,17.49,19.23,20.02,20.85,21.5,22.16,22.77,23.6,24.29,25.0,25.64,26.29,26.81,27.28,27.68,28.18,28.53,28.94,29.25,29.25,29.25,29.25,29.25,29.25,29.25,29.25,29.25,29.25
Facebook Ads,$facebook_int$AND$BR$MAItangjie0131,2.3853613270300404e+16,2023-02-09,468,67.66,0.14,25.18,33.89,38.06,40.85,43.82,45.82,47.15,48.41,49.73,50.9,51.92,53.58,54.27,55.17,55.97,56.54,57.16,57.73,58.24,58.59,58.89,59.52,59.82,60.23,61.05,61.75,61.75,61.75,61.75
Facebook Ads,youdaozhixuan_Liveme_FB_mess cleaner_MX_03_aaa_page002_ys_0210_ON,2.385364476187077e+16,2023-02-11,468,57.64,0.12,18.54,22.22,24.1,25.45,26.11,26.67,27.14,27.49,27.68,27.79,27.96,27.99,28.28,28.47,28.61,28.92,29.06,29.22,29.3,29.36,29.42,29.45,29.57,29.83,29.83,29.83,29.83,29.83,29.83
Facebook Ads,$facebook_int$AND$PH$MAItangjie0131 – Copy 2代,2.3853735007790404e+16,2023-02-14,461,34.44,0.07,14.65,19.44,22.12,23.83,24.64,25.23,25.66,26.13,26.61,27.28,28.01,28.56,29.04,29.62,30.14,30.54,30.97,31.45,31.71,32.05,32.46,32.46,32.46,32.46,32.46,32.46,32.46,32.46,32.46
Facebook Ads,$facebook_int$AND$BR$MAItangjie0131,2.3853613270300404e+16,2023-02-08,439,69.37,0.16,19.9,27.62,30.8,33.56,35.63,37.45,38.87,40.15,41.02,42.13,42.82,43.47,44.06,44.67,44.99,45.39,45.61,45.87,46.19,46.48,46.74,46.96,47.2,47.44,47.79,48.38,48.89,48.89,48.89
Facebook Ads,youdaozhixuan_Liveme_FB_mess cleaner_MX_03_aaa_page002_ys_0210_ON,2.385364476187077e+16,2023-02-13,438,50.44,0.12,13.09,16.72,18.96,20.01,20.92,21.49,21.99,22.16,22.54,22.81,23.07,23.29,23.46,23.59,23.78,23.96,24.11,24.24,24.4,24.63,24.83,25.05,25.05,25.05,25.05,25.05,25.05,25.05,25.05
Facebook Ads,youdaozhixuan_Liveme_FB__PH_01_aaa_page002_ys_0210_,2.385248167094053e+16,2023-02-10,414,35.97,0.09,14.87,19.1,21.18,22.63,23.77,24.42,24.94,25.43,25.81,26.25,26.6,26.96,27.39,27.78,28.1,28.39,28.68,29.07,29.28,29.47,29.58,29.74,29.89,30.07,30.2,30.2,30.2,30.2,30.2
Facebook Ads,youdaozhixuan_Liveme_FB_mess cleaner_MX_03_aaa_page002_ys_0210_ON,2.385364476187077e+16,2023-02-12,410,50.45,0.12,13.34,15.03,15.85,16.57,17.02,17.7,18.02,18.17,18.3,18.39,18.63,18.97,19.06,19.28,19.54,19.75,19.89,20.04,20.14,20.26,20.44,20.68,20.85,20.85,20.85,20.85,20.85,20.85,20.85
Facebook Ads,$facebook_int$AND$BR$MAItangjie0131 – Copy2,2.3853718851330404e+16,2023-02-10,399,37.67,0.09,17.14,20.6,21.93,23.1,24.38,25.04,25.31,25.65,25.84,25.89,25.94,25.99,25.99,26.03,26.08,26.22,26.39,26.76,27.03,27.05,27.1,27.15,27.18,27.25,27.3,27.3,27.3,27.3,27.3
Facebook Ads,youdaozhixuan_Liveme_FB_mess cleaner_MX_03_aaa_page002_ys_0210_ON,2.385364476187077e+16,2023-02-14,399,49.75,0.12,16.52,18.75,20.48,22.01,22.78,23.11,23.26,23.48,23.64,24.15,24.39,24.8,25.2,25.38,25.81,26.04,26.18,26.43,26.66,27.02,27.18,27.18,27.18,27.18,27.18,27.18,27.18,27.18,27.18
Facebook Ads,$facebook_int$AND$PH$MAItangjie0131 – Copy,2.3853682073710404e+16,2023-02-08,396,45.45,0.11,15.03,17.96,19.31,20.31,21.11,21.76,22.17,22.66,23.03,23.24,23.51,23.86,23.98,24.14,24.47,24.74,25.08,25.35,25.59,25.84,26.11,26.31,26.6,26.83,26.98,27.39,27.68,27.68,27.68
Facebook Ads,youdaozhixuan_liveme_FB_MessCleaner_BR_02_aaa_page002_ys_0210-2_ON,2.385286313431023e+16,2023-02-13,385,53.15,0.14,15.08,19.57,21.48,22.76,24.14,24.97,25.19,25.65,25.78,25.84,26.0,26.2,26.33,26.51,26.74,26.89,27.04,27.27,27.38,27.61,27.75,27.92,27.92,27.92,27.92,27.92,27.92,27.92,27.92
Facebook Ads,$facebook_int$AND$BR$MAItangjie0131,2.3853613270300404e+16,2023-02-10,383,55.13,0.14,13.99,17.49,19.16,21.04,22.64,23.24,23.48,23.66,23.75,23.84,23.97,24.01,24.1,24.2,24.31,24.4,24.47,24.52,24.73,24.76,24.87,24.9,24.94,25.07,25.25,25.25,25.25,25.25,25.25
Facebook Ads,youdaozhixuan_Liveme_FB_mess cleaner_MX_03_aaa_page002_ys_0210_ON,2.385364476187077e+16,2023-02-15,373,49.95,0.13,15.18,17.54,19.19,20.5,21.04,21.77,22.17,22.46,22.91,23.58,24.06,24.46,24.82,25.3,25.67,25.87,26.16,26.41,26.71,27.0,27.0,27.0,27.0,27.0,27.0,27.0,27.0,27.0,27.0
Facebook Ads,$facebook_int$AND$PH$MAItangjie0131 – Copy 2代,2.3853735007790404e+16,2023-02-12,367,30.84,0.08,11.41,14.1,15.64,16.74,17.46,18.11,18.51,19.03,19.38,19.56,19.85,20.33,20.67,21.0,21.38,21.67,22.0,22.2,22.54,22.86,23.2,23.47,23.65,23.65,23.65,23.65,23.65,23.65,23.65
Facebook Ads,$facebook_int$AND$PH$MAItangjie0131 – Copy 2代,2.3853735007790404e+16,2023-02-11,352,28.42,0.08,11.26,13.9,15.76,16.63,17.37,17.98,18.42,18.8,19.19,19.56,19.72,20.17,20.53,20.87,21.27,21.69,21.98,22.25,22.49,22.74,22.99,23.17,23.51,23.64,23.64,23.64,23.64,23.64,23.64
Facebook Ads,youdaozhixuan_liveme_FB_MessCleaner_BR_02_aaa_page002_ys_0210-2_ON,2.385286313431023e+16,2023-02-12,337,51.56,0.15,13.29,15.35,16.59,17.19,17.78,17.96,18.24,18.4,18.46,18.48,18.53,18.55,18.57,18.58,18.7,18.72,18.75,18.75,18.76,18.82,18.85,18.9,18.92,18.92,18.92,18.92,18.92,18.92,18.92
Facebook Ads,$facebook_int$AND$PH$MAItangjie0131 – Copy,2.3853682073710404e+16,2023-02-15,336,28.32,0.08,9.52,12.11,13.25,14.47,14.9,15.27,15.68,16.2,16.79,17.32,17.74,18.17,18.75,19.23,19.6,19.93,20.14,20.35,20.54,20.77,20.77,20.77,20.77,20.77,20.77,20.77,20.77,20.77,20.77
Facebook Ads,youdaozhixuan_liveme_FB_MessCleaner_BR_02_aaa_page002_ys_0210-2_ON,2.385286313431023e+16,2023-02-14,334,51.6,0.15,14.76,17.26,18.77,19.87,20.59,20.91,21.31,21.86,22.42,22.62,22.92,23.29,23.57,23.76,23.95,24.16,24.31,24.51,24.75,25.03,25.64,25.64,25.64,25.64,25.64,25.64,25.64,25.64,25.64
Facebook Ads,$facebook_int$AND$PH$MAItangjie0131 – Copy 2代,2.3853735007790404e+16,2023-02-13,329,30.44,0.09,9.8,12.37,14.73,15.55,16.43,17.1,17.41,17.62,17.87,18.06,18.38,18.83,19.09,19.37,19.61,19.75,20.0,20.21,20.34,20.49,20.66,20.78,20.78,20.78,20.78,20.78,20.78,20.78,20.78
Facebook Ads,youdaozhixuan_liveme_FB_MessCleaner_BR_02_aaa_page002_ys_0210-2_ON,2.385286313431023e+16,2023-02-15,317,38.94,0.12,9.34,11.46,12.77,13.58,14.16,14.56,14.77,15.05,15.5,15.77,16.21,16.46,16.75,16.88,16.91,16.95,17.0,17.03,17.11,17.15,17.15,17.15,17.15,17.15,17.15,17.15,17.15,17.15,17.15
googleadwords_int,MessCleaner_AND_US_UAC1.0_Bid0.50_Xueqing_20221209,19193821324.0,2023-02-11,308,141.8,0.46,24.23,33.46,39.05,44.35,47.94,50.65,54.49,57.17,59.6,61.08,62.09,64.61,67.3,69.41,72.26,73.92,75.82,77.51,78.92,79.91,81.79,83.06,85.02,87.24,87.24,87.24,87.24,87.24,87.24
Facebook Ads,youdaozhixuan_liveme_FB_MessCleaner_BR_02_aaa_page002_ys_0210-2_ON,2.385286313431023e+16,2023-02-11,306,50.88,0.17,12.01,13.7,14.55,15.28,15.68,15.97,16.38,16.54,16.78,16.92,17.13,17.27,17.36,17.51,17.55,17.68,17.84,18.12,18.24,18.46,18.58,18.92,19.09,19.37,19.37,19.37,19.37,19.37,19.37
Facebook Ads,youdaozhixuan_Liveme_FB__US_01_aaa_page002_ys_0206-2_ON,2.385243197400053e+16,2023-02-13,277,156.99,0.57,69.68,88.19,97.82,106.11,111.33,115.2,118.79,121.1,122.51,125.07,128.43,130.51,132.46,133.97,135.19,136.87,138.8,141.52,145.14,147.11,150.49,152.6,152.6,152.6,152.6,152.6,152.6,152.6,152.6
Facebook Ads,$facebook_int$AND$PH$MAItangjie0131,2.3853612916580404e+16,2023-02-08,276,48.4,0.18,8.42,10.36,11.27,11.87,12.16,12.55,12.85,13.1,13.19,13.41,13.55,13.68,13.77,13.84,13.96,14.08,14.25,14.39,14.49,14.61,14.7,14.78,14.9,15.07,15.14,15.2,15.22,15.22,15.22
Facebook Ads,youdaozhixuan_liveme_FB_MessCleaner_BR_02_aaa_page002_ys_0210_ON,2.385286196786023e+16,2023-02-13,274,52.72,0.19,14.12,16.94,18.63,19.66,20.13,20.39,20.55,20.63,20.7,20.77,20.84,20.86,20.87,20.88,20.89,20.91,20.92,20.93,20.97,20.99,21.05,21.11,21.11,21.11,21.11,21.11,21.11,21.11,21.11
Facebook Ads,$facebook_int$AND$BR$MAItangjie0131,2.3853613270300404e+16,2023-02-11,262,42.28,0.16,10.71,13.24,15.07,15.77,15.95,16.27,16.55,16.64,16.84,16.91,16.94,16.95,17.12,17.32,17.38,17.39,17.56,17.68,17.91,18.04,18.22,18.39,18.53,18.58,18.58,18.58,18.58,18.58,18.58
Facebook Ads,youdaozhixuan_Liveme_FB__US_01_aaa_page002_ys_0206-1_ON,2.385243187580053e+16,2023-02-11,260,188.92,0.73,69.46,92.19,110.28,121.37,127.1,134.72,139.12,141.54,143.1,145.45,147.61,148.61,150.52,152.01,152.91,154.46,155.97,157.08,157.62,158.12,159.09,159.29,160.0,161.09,161.09,161.09,161.09,161.09,161.09
Facebook Ads,youdaozhixuan_liveme_FB_MessCleaner_BR_02_aaa_page002_ys_0210_ON,2.385286196786023e+16,2023-02-11,257,57.65,0.22,12.79,14.91,15.7,16.61,17.12,17.89,18.2,18.3,18.37,18.5,18.54,18.54,18.54,18.54,18.54,18.62,18.65,18.65,18.65,18.65,18.77,18.77,18.77,18.77,18.77,18.77,18.77,18.77,18.77
Facebook Ads,youdaozhixuan_liveme_FB_MessCleaner_BR_02_aaa_page002_ys_0210_ON,2.385286196786023e+16,2023-02-12,254,51.35,0.2,9.49,10.55,10.98,11.33,11.47,12.04,12.23,12.32,12.52,12.78,13.26,13.27,13.29,13.3,13.46,13.54,13.56,13.57,13.58,13.59,13.6,13.62,13.64,13.64,13.64,13.64,13.64,13.64,13.64
Facebook Ads,youdaozhixuan_Liveme_FB__US_01_aaa_page002_ys_0206-2_ON,2.385243197400053e+16,2023-02-14,250,150.34,0.6,67.9,79.69,87.0,91.85,96.33,99.11,101.68,104.25,105.11,106.74,108.33,110.28,110.91,111.53,112.93,113.44,114.0,114.86,115.43,116.95,118.38,118.38,118.38,118.38,118.38,118.38,118.38,118.38,118.38
Facebook Ads,youdaozhixuan_Liveme_FB__US_01_aaa_page002_ys_0206-2_ON,2.385243197400053e+16,2023-02-10,250,153.11,0.61,64.77,77.33,83.39,88.28,93.87,97.18,99.26,102.01,103.9,106.01,108.44,110.22,111.31,111.7,112.96,113.95,115.05,115.7,116.21,116.54,116.97,117.64,118.23,119.07,119.93,119.93,119.93,119.93,119.93
googleadwords_int,MessCleaner_AND_US_UAC1.0_Bid0.50_Xueqing_20221209,19193821324.0,2023-02-12,248,81.01,0.33,17.65,27.85,35.69,39.82,44.03,46.43,49.62,51.82,55.25,58.08,58.99,61.36,63.52,65.56,67.24,69.84,73.19,74.62,76.65,78.26,79.44,81.48,84.82,84.82,84.82,84.82,84.82,84.82,84.82
Facebook Ads,$facebook_int$AND$BR$MAItangjie0131 – Copy 3,2.3853733866640404e+16,2023-02-13,240,31.85,0.13,7.56,11.03,12.76,14.05,14.63,15.13,15.75,15.93,16.0,16.1,16.34,16.65,16.94,17.18,17.47,17.6,17.72,17.83,17.97,18.13,18.42,18.67,18.67,18.67,18.67,18.67,18.67,18.67,18.67
Facebook Ads,youdaozhixuan_liveme_FB_MessCleaner_BR_02_aaa_page002_ys_0210_ON,2.385286196786023e+16,2023-02-14,236,49.99,0.21,9.45,10.35,10.49,10.66,10.78,10.87,10.93,11.15,11.19,11.38,11.64,11.91,11.95,11.97,11.99,12.0,12.04,12.04,12.06,12.07,12.07,12.07,12.07,12.07,12.07,12.07,12.07,12.07,12.07
Facebook Ads,youdaozhixuan_Liveme_FB__US_01_aaa_page002_ys_0206-2_ON,2.385243197400053e+16,2023-02-11,235,156.55,0.67,63.18,79.82,89.84,99.67,103.11,107.22,111.99,115.58,118.26,120.3,123.2,126.41,129.6,132.58,135.29,137.13,139.52,143.04,145.88,148.15,150.05,151.42,154.25,156.05,156.05,156.05,156.05,156.05,156.05
Facebook Ads,$facebook_int$AND$BR$MAItangjie0131,2.3853613270300404e+16,2023-02-12,234,40.84,0.17,7.2,9.17,10.53,10.99,11.33,11.92,12.34,12.53,12.68,12.71,12.83,12.95,13.18,13.46,13.71,13.78,13.91,14.0,14.05,14.12,14.33,14.69,14.91,14.91,14.91,14.91,14.91,14.91,14.91
Facebook Ads,youdaozhixuan_Liveme_FB__US_01_aaa_page002_ys_0206-1_ON,2.385243187580053e+16,2023-02-13,234,176.17,0.75,61.77,78.0,87.61,95.63,100.9,109.19,113.98,120.15,123.09,126.33,130.08,134.17,136.89,140.28,143.11,145.35,147.07,148.19,149.25,150.28,152.19,154.2,154.2,154.2,154.2,154.2,154.2,154.2,154.2
googleadwords_int,MessCleaner_AND_US_UAC1.0_Bid0.50_Xueqing_20221209,19193821324.0,2023-02-13,234,84.3,0.36,17.91,26.66,31.94,33.96,36.96,38.33,40.72,41.99,44.67,47.55,50.58,51.75,54.0,55.67,57.95,59.08,60.07,62.26,64.42,65.71,68.26,71.01,71.01,71.01,71.01,71.01,71.01,71.01,71.01
Facebook Ads,youdaozhixuan_Liveme_FB__US_01_aaa_page002_ys_0206-1_ON,2.385243187580053e+16,2023-02-14,228,171.38,0.75,60.37,75.96,88.74,95.23,102.38,106.64,111.11,115.47,119.11,122.48,125.72,127.89,129.09,130.32,132.8,133.76,135.18,136.04,136.67,137.96,139.51,139.51,139.51,139.51,139.51,139.51,139.51,139.51,139.51
Facebook Ads,youdaozhixuan_Liveme_FB__US_01_aaa_page002_ys_0206-1_ON,2.385243187580053e+16,2023-02-15,221,168.65,0.76,56.66,73.85,84.62,92.44,98.54,104.55,109.34,112.58,115.25,116.8,118.41,120.46,121.97,123.61,124.92,125.87,126.73,127.41,129.27,131.84,131.84,131.84,131.84,131.84,131.84,131.84,131.84,131.84,131.84
Facebook Ads,youdaozhixuan_Liveme_FB__US_01_aaa_page002_ys_0206-2_ON,2.385243197400053e+16,2023-02-08,220,111.21,0.51,59.52,79.21,88.49,97.53,101.33,104.41,108.99,112.18,115.62,117.11,118.61,120.12,120.96,121.91,122.89,123.41,124.3,124.93,125.51,125.86,126.25,126.59,127.15,128.11,128.97,130.09,130.98,130.98,130.98
Facebook Ads,youdaozhixuan_Liveme_FB__US_01_aaa_page002_ys_0206-2_ON,2.385243197400053e+16,2023-02-12,216,149.41,0.69,52.71,69.05,79.91,85.8,92.64,97.19,101.88,104.55,106.92,108.37,112.3,113.73,115.36,117.16,118.87,120.22,122.21,122.95,124.13,125.05,125.78,127.37,128.63,128.63,128.63,128.63,128.63,128.63,128.63
Facebook Ads,youdaozhixuan_Liveme_FB__US_01_aaa_page002_ys_0206-2_ON,2.385243197400053e+16,2023-02-15,209,144.89,0.69,48.84,60.42,64.19,66.87,68.15,70.28,71.65,74.12,76.81,78.63,79.92,81.13,82.04,83.44,84.68,85.65,86.49,87.57,89.2,91.98,91.98,91.98,91.98,91.98,91.98,91.98,91.98,91.98,91.98
Facebook Ads,youdaozhixuan_Liveme_FB__US_01_aaa_page002_ys_0206-1_ON,2.385243187580053e+16,2023-02-12,205,170.22,0.83,47.74,64.87,71.53,74.74,77.82,80.44,83.54,85.28,87.54,89.85,90.9,94.74,96.86,98.29,100.72,102.81,104.19,105.54,107.68,108.76,109.75,111.83,113.14,113.14,113.14,113.14,113.14,113.14,113.14
googleadwords_int,MessCleaner_AND_US_UAC1.0_Bid0.50_Xueqing_20221209,19193821324.0,2023-02-09,203,87.01,0.43,20.45,29.81,35.25,38.17,40.13,42.0,43.34,45.58,49.89,51.85,53.1,55.46,58.2,59.42,61.81,64.92,66.95,67.59,68.85,69.72,71.2,72.41,74.59,77.08,79.55,82.09,82.09,82.09,82.09
Facebook Ads,$facebook_int$AND$BR$MAItangjie0131 – Copy 3,2.3853733866640404e+16,2023-02-14,199,21.43,0.11,6.38,8.13,8.95,9.54,10.11,10.43,10.67,10.82,11.04,11.28,11.42,11.56,11.7,11.82,11.93,12.15,12.26,12.42,12.57,13.01,13.31,13.31,13.31,13.31,13.31,13.31,13.31,13.31,13.31
Facebook Ads,$facebook_int$AND$BR$MAItangjie0131 – Copy 3,2.3853733866640404e+16,2023-02-11,197,33.24,0.17,6.79,8.7,9.92,10.64,10.91,11.13,11.52,11.71,11.82,12.0,12.11,12.29,12.56,12.88,13.04,13.24,13.52,13.65,13.79,13.91,14.06,14.17,14.41,14.54,14.54,14.54,14.54,14.54,14.54
googleadwords_int,MessCleaner_AND_US_UAC1.0_Bid0.50_Xueqing_20221209,19193821324.0,2023-02-08,187,75.75,0.41,14.68,23.3,28.82,33.02,34.95,38.17,39.43,40.37,41.69,43.2,43.99,45.32,46.13,47.68,49.86,51.41,53.35,54.72,55.89,56.62,57.11,57.69,58.07,58.3,58.77,59.74,60.36,60.36,60.36
Facebook Ads,youdaozhixuan_liveme_FB_MessCleaner_BR_02_aaa_page002_ys_0210_ON,2.385286196786023e+16,2023-02-15,183,37.94,0.21,5.62,6.59,7.22,7.58,8.1,8.44,8.55,8.86,8.99,9.18,9.21,9.29,9.3,9.34,9.35,9.36,9.37,9.39,9.44,9.76,9.76,9.76,9.76,9.76,9.76,9.76,9.76,9.76,9.76
Facebook Ads,$facebook_int$AND$BR$MAItangjie0131 – Copy 3,2.3853733866640404e+16,2023-02-12,181,30.99,0.17,7.36,10.1,11.8,13.33,14.66,15.3,15.68,15.79,16.08,16.34,16.6,16.8,16.93,17.05,17.31,17.44,17.64,17.87,18.13,18.4,18.62,18.79,18.98,18.98,18.98,18.98,18.98,18.98,18.98
Facebook Ads,$facebook_int$AND$PH$MAItangjie0131,2.3853612916580404e+16,2023-02-09,173,29.78,0.17,5.59,6.7,7.33,7.78,8.18,8.42,8.56,8.91,9.07,9.17,9.34,9.44,9.5,9.56,9.63,9.76,9.82,9.99,10.09,10.15,10.19,10.21,10.26,10.33,10.42,10.45,10.45,10.45,10.45
Facebook Ads,youdaozhixuan_Liveme_FB__US_01_aaa_page002_ys_0206-2_ON,2.385243197400053e+16,2023-02-09,166,123.81,0.75,46.66,54.69,58.01,59.11,60.87,61.94,62.24,62.91,63.43,63.46,64.25,68.15,69.3,70.1,70.61,70.9,71.48,72.15,72.54,73.08,73.52,73.9,74.53,75.55,76.95,78.06,78.06,78.06,78.06
Facebook Ads,youdaozhixuan_Liveme_FB__US_01_aaa_page002_ys_0206-1_ON,2.385243187580053e+16,2023-02-10,153,117.27,0.77,45.12,53.72,58.21,61.99,64.96,67.36,68.99,71.24,72.35,73.62,74.29,76.79,77.31,78.02,78.99,79.68,79.98,80.26,80.6,80.8,81.03,81.29,81.67,82.48,83.31,83.31,83.31,83.31,83.31
Facebook Ads,$facebook_int$AND$BR$MAItangjie0131 – Copy,2.3853623887190404e+16,2023-02-08,142,22.97,0.16,9.86,11.82,13.31,14.54,15.6,16.05,16.29,16.42,16.71,17.04,17.07,17.13,17.36,17.46,17.51,17.55,17.66,17.7,17.74,17.84,17.87,17.91,17.94,17.98,18.01,18.08,18.16,18.16,18.16
Facebook Ads,$facebook_int$AND$BR$MAItangjie0131 – Copy,2.3853623887190404e+16,2023-02-09,128,18.38,0.14,4.72,6.64,8.49,9.33,10.04,10.59,11.22,11.62,12.07,12.53,12.63,12.87,12.93,13.48,13.73,14.02,14.31,14.66,14.95,15.11,15.21,15.29,15.49,15.62,15.8,16.02,16.02,16.02,16.02
Facebook Ads,youdaozhixuan_liveme_FB_MessCleaner_US_02_aaa_page002_ys_0206-2_ON,2.385279025657023e+16,2023-02-08,123,70.63,0.57,32.22,44.73,50.9,59.16,63.26,66.64,71.79,73.61,75.26,76.45,78.42,81.13,83.02,84.73,88.28,89.24,90.34,90.82,91.25,91.62,92.34,92.94,93.59,94.35,94.63,95.07,95.37,95.37,95.37
googleadwords_int,MessCleaner_AND_US_UAC1.0_Bid0.50_Xueqing_20221209,19193821324.0,2023-02-10,120,50.87,0.42,15.09,22.5,27.1,29.36,32.04,33.17,33.95,34.87,35.1,35.23,35.94,36.65,37.13,37.94,38.79,39.85,40.27,40.78,42.22,43.24,43.9,44.32,44.75,45.56,46.35,46.35,46.35,46.35,46.35
Facebook Ads,$facebook_int$AND$BR$MAItangjie0131 – Copy2,2.3853718851330404e+16,2023-02-09,115,12.34,0.11,10.58,11.32,12.15,12.35,12.44,12.57,12.6,12.61,12.61,12.61,12.63,12.64,12.64,12.64,12.65,12.66,12.66,12.67,12.67,12.68,12.69,12.74,12.74,12.74,12.75,12.8,12.8,12.8,12.8
Facebook Ads,$facebook_int$AND$PH$MAItangjie0131,2.3853612916580404e+16,2023-02-10,114,17.86,0.16,3.9,4.48,4.65,4.81,5.01,5.11,5.14,5.14,5.15,5.19,5.2,5.2,5.2,5.22,5.25,5.28,5.33,5.38,5.41,5.42,5.43,5.45,5.48,5.58,5.63,5.63,5.63,5.63,5.63
Facebook Ads,youdaozhixuan_Liveme_FB_mess cleaner_US_03_aaa_page_ys_0209_ON,2.385363419980077e+16,2023-02-11,110,72.42,0.66,28.97,40.29,49.59,55.09,59.73,61.73,63.09,64.39,65.85,67.02,68.14,69.37,70.85,71.65,72.4,72.91,73.48,73.98,74.42,74.82,75.13,75.61,76.0,76.87,76.87,76.87,76.87,76.87,76.87
Facebook Ads,$facebook_int$AND$PH$MAItangjie0131 – Copy 2代,2.3853735007790404e+16,2023-02-10,107,12.07,0.11,3.22,4.57,5.05,5.29,5.53,5.65,5.78,5.85,5.91,5.95,5.97,5.99,6.03,6.1,6.19,6.26,6.3,6.31,6.34,6.35,6.37,6.39,6.41,6.43,6.47,6.47,6.47,6.47,6.47
Facebook Ads,youdaozhixuan_Liveme_FB_mess cleaner_MX_03_aaa_page002_ys_0210_ON,2.385364476187077e+16,2023-02-10,103,12.25,0.12,6.33,7.58,7.74,7.81,7.82,7.86,7.87,7.88,7.88,7.93,7.93,7.93,7.94,7.94,7.97,7.98,8.01,8.02,8.03,8.03,8.05,8.07,8.08,8.1,8.14,8.14,8.14,8.14,8.14
Facebook Ads,youdaozhixuan_Liveme_FB__US_01_aaa_page002_ys_0206-1_ON,2.385243187580053e+16,2023-02-09,103,68.85,0.67,30.12,39.1,43.05,43.88,44.88,46.43,47.43,48.69,49.66,50.67,51.25,51.38,51.9,52.08,52.43,53.21,53.86,54.29,54.66,55.39,56.02,56.5,56.89,57.69,58.78,59.43,59.43,59.43,59.43
Facebook Ads,youdaozhixuan_Liveme_FB_mess cleaner_US_03_aaa_page_ys_0209_ON,2.385363419980077e+16,2023-02-14,101,70.1,0.69,35.66,38.91,40.67,41.11,42.38,43.44,43.71,43.89,44.38,44.51,44.85,45.48,45.62,45.86,46.02,46.52,46.77,46.94,47.17,47.78,48.72,48.72,48.72,48.72,48.72,48.72,48.72,48.72,48.72
Facebook Ads,youdaozhixuan_Liveme_FB_mess cleaner_MX_03_aaa_page002_ys_0210-2_ON,2.385364597840077e+16,2023-02-10,100,9.65,0.1,5.01,5.87,5.94,6.07,6.07,6.09,6.1,6.13,6.14,6.19,6.22,6.25,6.25,6.26,6.28,6.29,6.3,6.35,6.5,6.58,6.66,6.68,6.69,6.7,6.71,6.71,6.71,6.71,6.71
Facebook Ads,youdaozhixuan_Liveme_FB_mess cleaner_US_03_aaa_page_ys_0209_ON,2.385363419980077e+16,2023-02-13,97,72.28,0.75,27.45,34.12,40.33,43.13,46.69,48.38,49.84,50.91,51.64,52.51,53.88,54.84,56.5,58.29,60.11,62.21,64.14,66.22,67.81,70.5,72.96,75.9,75.9,75.9,75.9,75.9,75.9,75.9,75.9
Facebook Ads,youdaozhixuan_Liveme_FB__US_01_aaa_page002_ys_0206-1_ON,2.385243187580053e+16,2023-02-08,96,72.2,0.75,21.1,31.87,34.19,37.36,38.08,39.14,40.29,41.58,42.55,44.2,45.34,45.74,46.39,47.62,48.67,48.91,49.82,50.73,51.31,52.32,53.14,53.91,54.25,54.91,55.4,55.97,56.62,56.62,56.62
Facebook Ads,youdaozhixuan_liveme_FB_MessCleaner_US_02_aaa_page002_ys_0206-2_ON,2.385279025657023e+16,2023-02-12,92,50.86,0.55,29.34,41.43,47.85,54.86,58.18,59.97,62.48,63.71,65.72,67.92,68.68,69.84,74.22,75.49,76.17,78.14,79.0,80.31,81.42,83.42,83.94,86.0,87.05,87.05,87.05,87.05,87.05,87.05,87.05
Facebook Ads,youdaozhixuan_Liveme_FB_mess cleaner_US_03_aaa_page_ys_0209_ON,2.385363419980077e+16,2023-02-15,88,69.26,0.79,31.65,38.99,44.88,48.6,50.42,51.53,52.44,54.53,55.77,57.33,57.97,59.45,60.8,62.92,64.27,65.51,66.66,67.12,67.51,68.38,68.38,68.38,68.38,68.38,68.38,68.38,68.38,68.38,68.38
Facebook Ads,youdaozhixuan_liveme_FB_MessCleaner_US_02_aaa_page002_ys_0206-2_ON,2.385279025657023e+16,2023-02-11,88,54.48,0.62,37.03,54.38,68.48,80.56,85.17,88.72,93.33,94.68,95.75,97.72,99.29,101.36,102.2,104.05,106.09,107.53,108.39,109.15,110.53,111.28,111.77,113.04,114.42,115.67,115.67,115.67,115.67,115.67,115.67
Facebook Ads,youdaozhixuan_liveme_FB_MessCleaner_US_02_aaa_page002_ys_0206-1_ON,2.385279003389023e+16,2023-02-14,88,49.3,0.56,22.38,25.01,27.1,28.98,30.91,31.71,33.53,34.07,34.77,35.56,36.19,36.64,36.92,37.35,38.05,38.68,39.03,39.6,39.67,40.01,40.47,40.47,40.47,40.47,40.47,40.47,40.47,40.47,40.47
Facebook Ads,youdaozhixuan_liveme_FB_MessCleaner_US_02_aaa_page002_ys_0206-2_ON,2.385279025657023e+16,2023-02-13,85,51.22,0.6,22.46,31.7,37.2,41.47,43.08,44.35,44.65,45.31,47.1,47.75,48.54,49.35,49.75,50.32,51.03,51.92,52.31,52.73,53.64,54.26,54.98,55.72,55.72,55.72,55.72,55.72,55.72,55.72,55.72
Facebook Ads,youdaozhixuan_Liveme_FB_mess cleaner_US_03_aaa_page_ys_0209_ON,2.385363419980077e+16,2023-02-12,84,69.12,0.82,24.43,35.01,40.44,43.86,46.0,47.53,48.04,49.01,49.46,50.01,50.39,51.06,51.51,51.83,52.15,52.64,52.94,53.36,54.14,54.56,54.87,55.43,55.87,55.87,55.87,55.87,55.87,55.87,55.87
Facebook Ads,youdaozhixuan_Liveme_FB_mess cleaner_US_03_aaa_page_ys_0209_ON,2.385363419980077e+16,2023-02-10,84,70.23,0.84,24.91,32.46,35.39,37.37,39.78,41.15,41.73,42.23,42.38,42.38,43.08,43.47,43.83,44.18,44.45,45.25,45.84,46.26,47.02,47.55,47.69,48.02,48.3,48.49,48.78,48.78,48.78,48.78,48.78
Facebook Ads,youdaozhixuan_liveme_FB_MessCleaner_US_02_aaa_page002_ys_0206-2_ON,2.385279025657023e+16,2023-02-15,84,42.3,0.5,25.47,33.35,36.05,37.83,39.44,40.25,42.4,43.2,43.63,44.44,45.22,45.48,46.55,47.14,49.46,50.54,51.26,52.01,52.71,52.99,52.99,52.99,52.99,52.99,52.99,52.99,52.99,52.99,52.99
Facebook Ads,youdaozhixuan_liveme_FB_MessCleaner_US_02_aaa_page002_ys_0206-1_ON,2.385279003389023e+16,2023-02-11,77,55.09,0.72,18.56,26.34,32.37,36.82,39.41,40.28,44.65,47.0,48.69,50.68,51.26,51.47,51.58,51.62,51.7,51.86,52.57,52.73,52.79,52.82,52.88,53.0,53.17,53.71,53.71,53.71,53.71,53.71,53.71
Facebook Ads,youdaozhixuan_liveme_FB_MessCleaner_US_02_aaa_page002_ys_0206-2_ON,2.385279025657023e+16,2023-02-09,74,50.8,0.69,25.3,39.55,44.96,47.55,50.05,53.68,56.37,57.51,58.32,60.94,62.01,62.47,63.53,64.8,67.01,68.23,69.65,70.58,71.56,72.84,73.91,74.24,75.09,75.54,76.59,76.81,76.81,76.81,76.81
Facebook Ads,youdaozhixuan_liveme_FB_MessCleaner_US_02_aaa_page002_ys_0206-2_ON,2.385279025657023e+16,2023-02-10,73,51.31,0.7,29.65,35.18,40.25,46.04,50.59,52.6,56.48,60.79,62.35,63.78,64.62,65.4,66.29,67.41,68.32,69.44,69.85,70.45,71.0,72.15,72.77,73.34,74.78,75.21,75.89,75.89,75.89,75.89,75.89
Facebook Ads,youdaozhixuan_liveme_FB_MessCleaner_US_02_aaa_page002_ys_0206-1_ON,2.385279003389023e+16,2023-02-08,70,70.39,1.01,16.96,24.41,28.03,29.6,30.85,31.3,31.96,32.42,32.91,33.28,33.99,35.62,35.9,37.21,38.2,39.02,39.99,40.91,41.56,41.99,42.1,42.21,42.46,42.7,42.93,43.14,43.47,43.47,43.47
Facebook Ads,youdaozhixuan_liveme_FB_MessCleaner_US_02_aaa_page002_ys_0206-1_ON,2.385279003389023e+16,2023-02-09,69,50.42,0.73,22.57,32.3,37.86,41.23,44.99,48.57,51.37,53.65,55.07,57.08,58.51,59.38,59.86,60.79,61.56,64.22,64.92,65.31,65.37,65.51,65.56,65.89,65.94,66.66,66.95,67.2,67.2,67.2,67.2
Facebook Ads,youdaozhixuan_liveme_FB_MessCleaner_US_02_aaa_page002_ys_0206-1_ON,2.385279003389023e+16,2023-02-10,69,51.48,0.75,18.79,26.07,28.57,29.76,31.95,32.3,34.05,34.4,36.13,36.99,37.66,38.38,38.62,38.77,39.95,40.52,40.71,41.32,41.62,41.89,42.08,42.64,42.85,43.36,43.6,43.6,43.6,43.6,43.6
Facebook Ads,youdaozhixuan_liveme_FB_MessCleaner_US_02_aaa_page002_ys_0206-2_ON,2.385279025657023e+16,2023-02-14,69,50.29,0.73,25.42,31.4,35.49,41.28,43.89,45.32,47.17,49.87,51.83,54.72,57.31,58.44,60.0,61.46,63.46,64.85,66.21,67.66,68.86,69.74,71.51,71.51,71.51,71.51,71.51,71.51,71.51,71.51,71.51
Facebook Ads,youdaozhixuan_liveme_FB_MessCleaner_US_02_aaa_page002_ys_0206-1_ON,2.385279003389023e+16,2023-02-13,67,51.82,0.77,24.08,31.6,33.55,34.93,37.12,37.5,38.04,38.56,39.28,39.56,39.71,40.18,40.72,41.05,41.27,42.16,42.72,43.26,44.17,44.74,45.52,46.49,46.49,46.49,46.49,46.49,46.49,46.49,46.49
Facebook Ads,youdaozhixuan_liveme_FB_MessCleaner_US_02_aaa_page002_ys_0206-1_ON,2.385279003389023e+16,2023-02-15,67,42.87,0.64,13.94,16.63,18.77,19.31,19.99,20.4,21.45,21.84,22.22,22.63,22.75,22.92,23.0,23.04,23.14,23.2,23.27,23.33,23.47,23.59,23.59,23.59,23.59,23.59,23.59,23.59,23.59,23.59,23.59
bytedanceglobal_int,Messcleaner_US_SPC_Install_20230210代,1757433215363121.0,2023-02-12,65,98.98,1.52,14.3,20.51,22.99,24.26,24.92,25.15,25.16,25.19,25.19,25.19,25.21,25.28,25.35,25.46,25.53,25.78,25.84,25.91,25.98,26.03,26.1,26.29,26.5,26.5,26.5,26.5,26.5,26.5,26.5
Facebook Ads,youdaozhixuan_liveme_FB_MessCleaner_US_02_aaa_page002_ys_0206-1_ON,2.385279003389023e+16,2023-02-12,64,49.89,0.78,28.82,39.17,46.63,49.65,53.08,54.58,56.14,56.98,57.11,57.51,57.92,58.82,59.54,59.85,60.95,61.19,61.65,61.82,62.35,62.82,63.39,63.97,65.03,65.03,65.03,65.03,65.03,65.03,65.03
Facebook Ads,youdaozhixuan_liveme_FB_MessCleaner_BR_02_aaa_page002_ys_0210-2_ON,2.385286313431023e+16,2023-02-10,63,15.11,0.24,4.52,5.29,5.52,5.77,6.14,6.22,6.3,6.4,6.64,6.64,6.74,6.92,6.92,6.96,6.97,7.01,7.03,7.03,7.12,7.14,7.15,7.19,7.23,7.27,7.3,7.3,7.3,7.3,7.3
organic,,,2023-02-13,58,,,30.67,35.63,39.61,42.98,45.17,47.66,48.95,50.55,51.41,52.14,52.88,53.9,54.68,55.21,55.8,56.26,57.05,57.33,57.92,58.24,58.69,59.11,59.11,59.11,59.11,59.11,59.11,59.11,59.11
Facebook Ads,$facebook_int$AND$BR$MAItangjie0131 – Copy 3,2.3853733866640404e+16,2023-02-10,54,10.9,0.2,3.56,4.15,4.21,4.36,4.73,4.89,4.95,5.07,5.07,5.09,5.09,5.12,5.12,5.14,5.15,5.2,5.2,5.2,5.21,5.22,5.22,5.23,5.24,5.25,5.26,5.26,5.26,5.26,5.26
bytedanceglobal_int,Messcleaner_US_SPC_Install_20230210代,1757433215363121.0,2023-02-11,53,99.09,1.87,17.4,20.64,21.69,24.16,25.46,27.02,27.2,27.35,27.51,27.66,27.72,27.98,28.0,28.24,28.25,28.26,28.36,28.37,28.45,28.54,28.57,28.63,28.69,28.92,28.92,28.92,28.92,28.92,28.92
Facebook Ads,$facebook_int$AND$BR$MAItangjie0131,2.3853613270300404e+16,2023-02-13,47,4.17,0.09,0.71,0.83,0.92,1.31,1.54,1.82,2.13,2.13,2.14,2.17,2.17,2.18,2.21,2.27,2.29,2.32,2.34,2.35,2.37,2.38,2.4,2.44,2.44,2.44,2.44,2.44,2.44,2.44,2.44
organic,,,2023-02-15,45,,,15.39,19.52,26.14,28.13,29.2,30.19,31.37,32.22,32.83,33.49,34.02,34.72,35.71,36.55,36.94,37.98,38.64,39.36,40.73,41.69,41.69,41.69,41.69,41.69,41.69,41.69,41.69,41.69,41.69
organic,,,2023-02-11,43,,,25.54,30.98,36.12,40.28,43.63,47.58,52.37,53.29,53.74,55.51,57.03,59.34,60.41,61.57,62.54,63.76,65.33,67.13,67.91,68.95,70.0,70.75,71.45,72.01,72.01,72.01,72.01,72.01,72.01
organic,,,2023-02-12,43,,,20.34,27.36,32.79,35.64,37.11,38.86,39.99,40.86,42.36,44.39,46.61,47.95,48.97,49.76,50.5,51.44,51.71,51.93,52.66,52.9,53.1,54.66,55.17,55.17,55.17,55.17,55.17,55.17,55.17
organic,,,2023-02-14,39,,,19.83,24.19,26.74,28.02,29.42,29.96,30.11,30.21,30.29,30.47,30.56,31.49,31.75,31.99,32.22,32.71,33.25,33.34,33.42,33.48,33.6,33.6,33.6,33.6,33.6,33.6,33.6,33.6,33.6
bytedanceglobal_int,Messcleaner_US_SPC_Install_20230210,1757435127985202.0,2023-02-12,35,99.31,2.84,10.6,12.84,13.63,13.77,13.91,13.96,14.48,14.51,14.54,14.54,14.64,14.72,14.76,14.81,14.84,14.87,14.91,14.93,15.19,15.35,15.35,15.4,15.49,15.49,15.49,15.49,15.49,15.49,15.49
bytedanceglobal_int,Messcleaner_US_SPC_Install_20230210代,1757433215363121.0,2023-02-13,35,65.01,1.86,8.12,8.98,10.05,11.1,12.19,12.84,14.15,14.65,15.54,16.17,16.86,17.11,17.13,17.15,17.16,17.17,17.18,17.19,17.2,17.23,17.29,17.45,17.45,17.45,17.45,17.45,17.45,17.45,17.45
organic,,,2023-02-10,32,,,26.56,31.21,34.68,38.42,41.2,43.53,44.46,45.72,47.06,47.78,48.98,50.13,51.48,52.05,53.08,54.21,55.28,55.83,57.0,58.6,59.64,60.26,60.97,61.82,62.36,62.36,62.36,62.36,62.36
organic,,,2023-02-09,30,,,17.24,23.51,31.63,34.42,36.63,40.09,42.34,44.34,47.15,48.71,49.3,49.37,49.64,49.75,50.5,50.87,51.21,51.46,51.86,52.46,53.31,53.79,54.34,54.93,55.39,55.74,55.74,55.74,55.74
organic,,,2023-02-08,30,,,19.64,30.66,37.62,42.56,45.85,49.58,52.05,54.77,55.96,57.12,57.68,58.33,58.49,58.89,59.08,59.28,59.56,59.72,59.95,60.06,60.47,60.77,61.05,61.23,61.32,61.59,61.83,61.83,61.83
googleadwords_int,MessCleaner_AND_US_UAC1.0_Bid0.50_Xueqing_20221209,19193821324.0,2023-02-14,28,,,0.34,1.33,1.57,1.95,1.98,2.09,2.46,2.58,2.62,2.9,3.2,3.42,3.78,4.03,4.25,4.43,4.85,5.06,5.19,5.42,5.79,5.79,5.79,5.79,5.79,5.79,5.79,5.79,5.79
Facebook Ads,$facebook_int$AND$BR$MAItangjie0131 – Copy 3,2.3853733866640404e+16,2023-02-15,28,0.0,0.0,1.12,1.31,1.43,1.6,1.73,1.77,1.95,2.07,2.08,2.1,2.12,2.12,2.12,2.17,2.23,2.24,2.3,2.34,2.37,2.39,2.39,2.39,2.39,2.39,2.39,2.39,2.39,2.39,2.39
bytedanceglobal_int,Messcleaner_US_SPC_Install_20230210,1757435127985202.0,2023-02-11,28,99.62,3.56,4.13,4.62,6.7,9.33,10.41,11.6,12.82,13.69,14.04,15.55,16.72,18.2,19.18,19.66,19.94,20.08,20.46,20.68,20.83,20.98,21.14,21.33,21.79,22.28,22.28,22.28,22.28,22.28,22.28
Facebook Ads,$facebook_int$AND$BR$MAItangjie0131 – Copy,2.3853623887190404e+16,2023-02-10,27,7.52,0.28,0.75,0.91,0.96,0.98,1.01,1.03,1.03,1.04,1.04,1.04,1.04,1.04,1.04,1.06,1.06,1.07,1.08,1.1,1.11,1.12,1.13,1.14,1.16,1.2,1.25,1.25,1.25,1.25,1.25
Facebook Ads,youdaozhixuan_Liveme_FB_mess cleaner_US_03_aaa_page_ys_0209_ON,2.385363419980077e+16,2023-02-09,24,16.12,0.67,6.62,7.39,7.7,8.0,8.13,8.25,8.25,8.25,8.41,9.0,9.0,9.0,9.0,9.0,9.0,9.0,9.0,9.0,9.0,9.0,9.0,9.0,9.0,9.17,9.17,9.17,9.17,9.17,9.17
bytedanceglobal_int,Messcleaner_US_SPC_Install_20230210,1757435127985202.0,2023-02-13,15,65.8,4.39,1.44,1.75,2.4,2.85,3.31,3.4,3.7,3.7,3.7,3.83,4.13,4.15,4.16,4.16,4.18,4.22,4.25,4.46,4.58,4.6,4.6,5.4,5.4,5.4,5.4,5.4,5.4,5.4,5.4
Facebook Ads,$facebook_int$AND$BR$MAItangjie0131,2.3853613270300404e+16,2023-02-14,14,0.6,0.04,0.31,0.4,0.43,0.45,0.47,0.5,0.56,0.63,0.63,0.66,0.67,0.67,0.68,0.68,0.69,0.7,0.7,0.78,0.78,0.8,0.92,0.92,0.92,0.92,0.92,0.92,0.92,0.92,0.92
googleadwords_int,MessCleaner_AND_US_UAC1.0_Bid0.50_Xueqing_20221209,19193821324.0,2023-02-15,8,,,0.11,0.17,0.24,0.3,0.3,0.4,0.4,0.4,0.42,0.46,0.49,0.51,0.52,0.54,0.55,0.55,0.55,0.55,0.55,0.59,0.59,0.59,0.59,0.59,0.59,0.59,0.59,0.59,0.59
Facebook Ads,$facebook_int$AND$PH$MAItangjie0131,2.3853612916580404e+16,2023-02-11,7,0.0,0.0,0.28,0.59,0.86,1.08,1.3,1.82,1.89,1.93,1.99,2.06,2.09,2.12,2.13,2.21,2.26,2.29,2.34,2.39,2.45,2.47,2.54,2.58,2.62,2.66,2.66,2.66,2.66,2.66,2.66
Facebook Ads,$facebook_int$AND$US$MAItangjie0113手动出价,2.3853429237580404e+16,2023-02-08,4,0.0,0.0,0.25,0.39,0.78,0.9,1.35,1.35,1.54,1.66,1.74,1.84,2.09,2.1,2.12,2.19,2.2,2.49,2.61,2.67,2.73,2.76,2.84,2.91,2.99,3.05,3.12,3.28,3.48,3.48,3.48
Facebook Ads,$facebook_int$AND$PH$MAItangjie0131,2.3853612916580404e+16,2023-02-12,4,,,0.01,0.02,0.02,0.02,0.02,0.03,0.03,0.03,0.03,0.03,0.03,0.03,0.03,0.03,0.03,0.03,0.03,0.03,0.03,0.03,0.03,0.03,0.03,0.03,0.03,0.03,0.03,0.03,0.03
bytedanceglobal_int,Messcleaner_US_SPC_Install_20230210,1757435127985202.0,2023-02-10,3,12.54,4.18,1.81,2.44,2.9,2.9,2.9,2.9,2.9,2.9,2.9,2.9,2.9,2.9,2.9,2.9,2.9,2.9,2.9,2.9,2.9,2.9,2.9,2.9,2.9,2.9,2.9,2.9,2.9,2.9,2.9
Facebook Ads,$facebook_int$AND$US$MAItangjie0113手动出价,2.3853429237580404e+16,2023-02-09,2,,,0.26,0.26,0.38,0.46,0.56,0.56,0.56,0.56,0.56,0.56,0.56,0.56,0.56,0.56,0.56,0.56,0.56,0.56,0.56,0.56,0.56,0.56,0.56,0.56,0.56,0.56,0.56,0.56,0.56
bytedanceglobal_int,Messcleaner_US_SPC_Install_20230210代,1757433215363121.0,2023-02-10,2,16.68,8.34,0.55,0.55,0.55,0.55,0.55,0.55,0.55,0.55,0.55,0.55,0.55,0.55,0.55,0.55,0.55,0.55,0.55,0.55,0.55,0.55,0.55,0.55,0.55,0.55,0.55,0.55,0.55,0.55,0.55
Facebook Ads,$facebook_int$AND$BR$MAItangjie0131,2.3853613270300404e+16,2023-02-15,2,0.0,0.0,0.04,0.04,0.04,0.04,0.04,0.04,0.04,0.04,0.04,0.04,0.04,0.04,0.04,0.04,0.04,0.04,0.04,0.04,0.04,0.04,0.04,0.04,0.04,0.04,0.04,0.04,0.04,0.04,0.04
Facebook Ads,$facebook_int$AND$US$MAItangjie0110,2.3853396928460404e+16,2023-02-08,2,0.0,0.0,0.9,1.47,1.47,1.96,2.46,2.86,3.09,3.33,3.57,3.57,3.57,3.57,3.57,3.57,3.57,3.57,3.57,3.57,3.57,3.57,3.57,3.57,3.57,3.57,3.57,3.57,3.57,3.57,3.57
Facebook Ads,$facebook_int$AND$US$MAItangjie0110,2.3853396928460404e+16,2023-02-14,1,,,0.0,0.0,0.0,0.0,0.0,0.0,0.0,0.0,0.0,0.0,0.0,0.0,0.0,0.0,0.0,0.0,0.0,0.0,0.0,0.04,0.04,0.04,0.04,0.04,0.04,0.04,0.04,0.04,0.04
Facebook Ads,$facebook_int$AND$BR$MAItangjie0131 – Copy,2.3853623887190404e+16,2023-02-12,1,,,0.0,0.0,0.0,0.0,0.0,0.0,0.0,0.0,0.0,0.0,0.0,0.0,0.0,0.0,0.0,0.0,0.0,0.0,0.0,0.0,0.0,0.0,0.0,0.0,0.0,0.0,0.0,0.0,0.0
Facebook Ads,$facebook_int$AND$BR$MAItangjie0131 – Copy,2.3853623887190404e+16,2023-02-14,1,,,0.01,0.02,0.02,0.02,0.02,0.02,0.02,0.02,0.02,0.02,0.02,0.02,0.02,0.02,0.02,0.02,0.02,0.02,0.02,0.02,0.02,0.02,0.02,0.02,0.02,0.02,0.02,0.02,0.02
Facebook Ads,$facebook_int$AND$PH$MAItangjie0131,2.3853612916580404e+16,2023-02-14,1,,,0.0,0.0,0.0,0.0,0.0,0.0,0.0,0.0,0.0,0.0,0.0,0.0,0.0,0.0,0.0,0.0,0.0,0.0,0.0,0.0,0.0,0.0,0.0,0.0,0.0,0.0,0.0,0.0,0.0
Facebook Ads,$facebook_int$AND$BR$MAItangjie0131 – Copy,2.3853623887190404e+16,2023-02-11,1,0.0,0.0,0.19,0.19,0.19,0.22,0.22,0.22,0.22,0.22,0.22,0.22,0.22,0.22,0.22,0.22,0.22,0.22,0.22,0.22,0.22,0.22,0.22,0.22,0.22,0.22,0.22,0.22,0.22,0.22,0.22
Facebook Ads,$facebook_int$AND$PT$MAItangjie0131,2.3853613357020404e+16,2023-02-09,1,,,0.0,0.0,0.0,0.0,0.0,0.0,0.0,0.0,0.0,0.0,0.0,0.0,0.0,0.0,0.0,0.0,0.0,0.0,0.0,0.0,0.0,0.0,0.0,0.0,0.0,0.0,0.0,0.0,0.0
Facebook Ads,$facebook_int$AND$PT$MAItangjie0131,2.3853613357020404e+16,2023-02-08,1,,,0.0,0.0,0.0,0.0,0.0,0.0,0.0,0.0,0.0,0.0,0.0,0.0,0.0,0.0,0.0,0.0,0.0,0.0,0.0,0.0,0.0,0.0,0.0,0.0,0.0,0.0,0.0,0.0,0.0
Facebook Ads,$facebook_int$AND$PH$MAItangjie0131,2.3853612916580404e+16,2023-02-13,1,,,0.0,0.0,0.0,0.0,0.0,0.0,0.0,0.0,0.0,0.0,0.0,0.0,0.0,0.0,0.0,0.0,0.0,0.0,0.0,0.0,0.0,0.0,0.0,0.0,0.0,0.0,0.0,0.0,0.0
Facebook Ads,$facebook_int$AND$BR$MAItangjie0131 – Copy,2.3853623887190404e+16,2023-02-13,1,,,0.13,0.16,0.16,0.16,0.16,0.16,0.16,0.16,0.16,0.16,0.16,0.16,0.16,0.16,0.16,0.16,0.16,0.16,0.16,0.16,0.16,0.16,0.16,0.16,0.16,0.16,0.16,0.16,0.16
