Media Source,Campaign,Campaign Id,Cohort Day,Users,Cost,Average eCPI,new_column,roas - Rate - day 0,roas - Rate - day 1,roas - Rate - day 2,roas - Rate - day 3,roas - Rate - day 4,roas - Rate - day 5,roas - Rate - day 6,roas - Rate - day 7,roas - Rate - day 8,roas - Rate - day 9,roas - Rate - day 10,roas - Rate - day 11,roas - Rate - day 12,roas - Rate - day 13,roas - Rate - day 14,roas - Rate - day 15,roas - Rate - day 16,roas - Rate - day 17,roas - Rate - day 18,roas - Rate - day 19,roas - Rate - day 20,roas - Rate - day 21 - partial,roas - Rate - day 22 - partial,roas - Rate - day 23 - partial,roas - Rate - day 24 - partial,roas - Rate - day 25 - partial,roas - Rate - day 26 - partial,roas - Rate - day 27 - partial,roas - Rate - day 28 - partial
Facebook Ads,youdaozhixuan_Liveme_FB__PH_01_aaa_page002_ys_0210_,2.385248167094053e+16,2023-02-14,1394,98.1,0.07,324,47.06,60.01,66.04,70.21,72.91,75.05,77.12,78.9,80.36,82.1,83.83,85.33,86.72,88.0,89.32,90.43,91.54,92.66,93.34,94.51,95.52,95.52,95.52,95.52,95.52,95.52,95.52,95.52,95.52
Facebook Ads,youdaozhixuan_Liveme_FB__PH_01_aaa_page002_ys_0210_,2.385248167094053e+16,2023-02-13,1387,99.48,0.07,352,46.38,58.55,63.76,67.66,70.38,72.56,74.46,75.9,77.53,78.54,80.13,81.4,82.76,84.22,85.44,86.45,87.34,88.21,89.19,90.13,91.2,92.4,92.4,92.4,92.4,92.4,92.4,92.4,92.4
Facebook Ads,$facebook_int$AND$MX$MAItangjie0131,2.3853623620360404e+16,2023-02-13,1268,101.47,0.08,247,37.81,46.66,50.29,53.07,55.51,58.34,59.3,59.96,60.59,61.22,61.98,62.85,63.47,64.19,64.9,65.34,65.93,66.44,66.79,67.22,68.16,69.07,69.07,69.07,69.07,69.07,69.07,69.07,69.07
Facebook Ads,youdaozhixuan_Liveme_FB__PH_01_aaa_page002_ys_0210_,2.385248167094053e+16,2023-02-15,1264,97.64,0.08,316,42.82,52.87,59.24,62.9,65.96,68.07,69.95,71.75,73.79,75.54,77.48,78.84,80.43,81.98,83.04,84.08,85.17,86.2,87.48,88.64,88.64,88.64,88.64,88.64,88.64,88.64,88.64,88.64,88.64
Facebook Ads,youdaozhixuan_Liveme_FB__PH_01_aaa_page002_ys_0210_,2.385248167094053e+16,2023-02-11,1245,85.06,0.07,287,51.77,62.64,68.23,73.31,76.69,79.33,81.27,82.78,84.19,85.94,87.44,88.5,89.73,90.79,92.22,93.25,94.45,95.86,96.83,97.89,98.91,99.92,100.91,102.19,102.19,102.19,102.19,102.19,102.19
Facebook Ads,$facebook_int$AND$MX$MAItangjie0131,2.3853623620360404e+16,2023-02-11,1234,106.17,0.09,206,38.46,45.7,50.13,53.47,55.81,57.05,58.1,58.82,59.34,59.81,60.25,60.58,61.19,61.89,62.38,62.88,63.4,63.91,64.43,64.87,65.21,65.62,66.27,66.91,66.91,66.91,66.91,66.91,66.91
Facebook Ads,$facebook_int$AND$MX$MAItangjie0131,2.3853623620360404e+16,2023-02-10,1199,106.58,0.09,256,45.68,54.02,58.38,61.65,64.83,68.08,69.78,71.01,72.29,72.96,73.65,74.27,74.72,75.32,76.09,77.29,78.01,78.52,79.08,79.78,80.39,80.9,81.84,82.57,83.31,83.31,83.31,83.31,83.31
Facebook Ads,$facebook_int$AND$MX$MAItangjie0131,2.3853623620360404e+16,2023-02-15,1182,97.94,0.08,268,46.09,55.92,62.15,66.28,69.56,71.92,74.27,76.38,77.89,79.88,82.47,84.03,85.57,87.02,88.14,88.84,89.84,90.95,92.27,93.57,93.57,93.57,93.57,93.57,93.57,93.57,93.57,93.57,93.57
Facebook Ads,$facebook_int$AND$MX$MAItangjie0131,2.3853623620360404e+16,2023-02-12,1108,101.49,0.09,231,37.13,45.64,50.47,53.11,55.7,57.8,59.86,60.49,61.24,61.96,62.64,63.48,64.35,65.14,65.79,66.33,66.9,67.43,67.86,68.43,68.75,69.65,70.3,70.3,70.3,70.3,70.3,70.3,70.3
Facebook Ads,$facebook_int$AND$MX$MAItangjie0131,2.3853623620360404e+16,2023-02-14,1090,101.66,0.09,238,41.9,50.01,53.98,56.66,59.6,61.14,62.44,63.39,63.95,64.89,65.75,66.61,67.86,68.55,69.32,70.08,70.7,71.37,72.3,73.17,73.88,73.88,73.88,73.88,73.88,73.88,73.88,73.88,73.88
Facebook Ads,youdaozhixuan_Liveme_FB__PH_01_aaa_page002_ys_0210_,2.385248167094053e+16,2023-02-12,1088,89.37,0.08,254,42.91,55.34,61.65,65.44,68.06,70.28,73.12,74.82,76.61,78.12,79.2,80.95,82.6,84.06,85.41,86.46,87.48,88.12,88.74,89.42,90.03,90.54,91.28,91.28,91.28,91.28,91.28,91.28,91.28
Facebook Ads,$facebook_int$AND$MX$MAItangjie0131,2.3853623620360404e+16,2023-02-08,915,100.21,0.11,239,45.71,60.93,68.14,72.53,75.93,79.24,81.46,84.08,87.16,89.72,91.83,92.68,93.58,94.12,94.7,95.71,96.6,97.74,99.39,100.11,100.72,101.15,101.5,101.77,102.09,102.64,103.21,103.21,103.21
Facebook Ads,$facebook_int$AND$PH$MAItangjie0131 – Copy,2.3853682073710404e+16,2023-02-13,788,70.18,0.09,187,31.73,40.55,45.2,48.87,51.25,53.34,54.74,56.12,57.29,58.29,59.5,60.4,61.45,62.27,63.37,64.12,64.71,65.46,66.0,66.63,67.11,67.67,67.67,67.67,67.67,67.67,67.67,67.67,67.67
Facebook Ads,youdaozhixuan_Liveme_FB_mess cleaner_MX_03_aaa_page002_ys_0210-2_ON,2.385364597840077e+16,2023-02-15,756,50.14,0.07,178,53.84,61.9,69.15,73.04,74.95,77.69,78.73,79.31,80.46,82.04,83.83,85.14,86.0,86.63,87.52,88.35,89.35,90.3,91.52,92.81,92.81,92.81,92.81,92.81,92.81,92.81,92.81,92.81,92.81
Facebook Ads,$facebook_int$AND$MX$MAItangjie0131,2.3853623620360404e+16,2023-02-09,749,81.62,0.11,219,39.7,53.91,64.08,69.26,72.07,75.36,77.95,79.93,82.89,85.11,86.35,87.51,88.46,89.07,90.22,91.3,92.1,93.26,93.99,94.49,94.94,95.23,95.76,96.27,96.85,97.86,97.86,97.86,97.86
Facebook Ads,youdaozhixuan_Liveme_FB_mess cleaner_MX_03_aaa_page002_ys_0210-2_ON,2.385364597840077e+16,2023-02-14,735,50.8,0.07,161,45.99,56.2,61.54,66.07,68.69,70.56,72.43,73.0,73.44,74.13,74.81,75.79,76.51,77.15,77.95,78.78,79.34,80.24,81.0,82.17,83.09,83.09,83.09,83.09,83.09,83.09,83.09,83.09,83.09
Facebook Ads,youdaozhixuan_Liveme_FB_mess cleaner_MX_03_aaa_page002_ys_0210-2_ON,2.385364597840077e+16,2023-02-13,701,51.3,0.07,161,45.67,61.98,68.12,72.89,75.85,77.42,79.11,80.37,81.42,82.37,83.59,84.82,85.76,86.75,88.05,89.05,90.13,90.97,91.71,92.44,93.55,94.47,94.47,94.47,94.47,94.47,94.47,94.47,94.47
Facebook Ads,youdaozhixuan_Liveme_FB_mess cleaner_MX_03_aaa_page002_ys_0210-2_ON,2.385364597840077e+16,2023-02-11,682,55.77,0.08,124,42.15,48.36,52.69,56.24,57.93,59.38,60.51,61.06,61.5,61.65,61.95,62.03,62.28,63.02,63.68,64.7,65.05,65.41,65.93,66.31,66.44,66.69,67.08,67.51,67.51,67.51,67.51,67.51,67.51
Facebook Ads,$facebook_int$AND$PH$MAItangjie0131 – Copy,2.3853682073710404e+16,2023-02-11,662,67.08,0.1,149,28.26,36.6,40.74,43.19,46.01,47.69,48.87,49.67,50.5,51.22,51.81,52.73,53.42,54.06,54.94,55.49,56.07,56.64,57.08,57.59,58.04,58.85,59.68,60.34,60.34,60.34,60.34,60.34,60.34
Facebook Ads,youdaozhixuan_Liveme_FB_mess cleaner_MX_03_aaa_page002_ys_0210-2_ON,2.385364597840077e+16,2023-02-12,661,51.1,0.08,145,39.84,48.81,53.73,56.59,58.88,60.87,62.9,64.41,65.22,65.96,67.04,68.33,69.63,70.65,71.68,72.55,73.07,73.63,74.3,74.89,75.36,76.39,77.08,77.08,77.08,77.08,77.08,77.08,77.08
Facebook Ads,$facebook_int$AND$PH$MAItangjie0131 – Copy,2.3853682073710404e+16,2023-02-12,647,71.76,0.11,155,25.05,32.65,36.94,40.09,42.3,44.38,45.6,47.05,48.54,49.6,50.48,51.85,52.66,53.62,54.66,55.5,56.37,57.24,58.03,58.85,59.51,60.09,60.7,60.7,60.7,60.7,60.7,60.7,60.7
Facebook Ads,$facebook_int$AND$PH$MAItangjie0131 – Copy,2.3853682073710404e+16,2023-02-10,640,66.68,0.1,149,31.53,41.29,44.79,48.3,50.54,52.05,53.88,55.87,56.83,57.9,58.61,59.27,59.93,60.59,61.37,61.97,62.68,63.22,63.74,63.97,64.28,64.82,65.07,65.39,65.96,65.96,65.96,65.96,65.96
Facebook Ads,$facebook_int$AND$PH$MAItangjie0131 – Copy,2.3853682073710404e+16,2023-02-09,620,65.77,0.11,147,34.34,43.5,47.93,51.6,54.62,56.42,58.62,60.11,61.56,62.83,63.72,64.71,65.51,66.5,67.24,67.82,68.47,69.13,69.74,70.37,70.94,71.38,72.02,72.44,72.98,73.51,73.51,73.51,73.51
Facebook Ads,$facebook_int$AND$BR$MAItangjie0131 – Copy2,2.3853718851330404e+16,2023-02-12,521,41.41,0.08,92,43.96,55.92,62.41,66.46,69.25,71.27,74.32,76.73,77.76,78.63,80.86,82.06,82.94,83.55,84.25,84.73,85.21,85.66,85.93,86.22,86.58,87.0,87.61,87.61,87.61,87.61,87.61,87.61,87.61
Facebook Ads,$facebook_int$AND$BR$MAItangjie0131 – Copy2,2.3853718851330404e+16,2023-02-11,514,45.35,0.09,88,44.43,53.49,57.47,60.88,62.81,63.95,65.88,66.96,67.88,68.74,70.05,71.66,73.09,73.82,74.86,75.43,76.14,78.12,78.59,79.54,80.49,81.53,82.66,83.99,83.99,83.99,83.99,83.99,83.99
Facebook Ads,$facebook_int$AND$BR$MAItangjie0131 – Copy2,2.3853718851330404e+16,2023-02-13,513,42.4,0.08,75,45.32,51.73,55.05,58.63,59.87,61.27,61.93,62.94,63.75,64.27,65.12,65.81,66.36,66.67,67.45,68.01,68.28,68.62,69.33,70.43,71.22,71.98,71.98,71.98,71.98,71.98,71.98,71.98,71.98
Facebook Ads,$facebook_int$AND$BR$MAItangjie0131 – Copy2,2.3853718851330404e+16,2023-02-15,509,45.19,0.09,84,44.12,52.86,58.21,61.0,62.86,64.97,67.08,69.02,70.14,71.09,71.75,72.59,73.59,74.2,75.06,75.95,76.41,77.2,77.8,79.79,79.79,79.79,79.79,79.79,79.79,79.79,79.79,79.79,79.79
Facebook Ads,$facebook_int$AND$PH$MAItangjie0131 – Copy,2.3853682073710404e+16,2023-02-14,508,43.41,0.09,130,29.56,40.33,45.34,48.43,52.64,54.6,57.4,59.12,60.56,62.08,63.58,64.82,66.17,67.08,68.12,69.92,70.72,71.95,72.79,73.63,74.32,74.32,74.32,74.32,74.32,74.32,74.32,74.32,74.32
Facebook Ads,$facebook_int$AND$BR$MAItangjie0131 – Copy2,2.3853718851330404e+16,2023-02-14,495,40.74,0.08,72,52.39,62.57,66.97,69.89,71.66,72.91,74.61,75.49,75.84,76.49,77.11,77.65,77.97,78.52,78.91,79.32,79.77,80.07,80.5,81.48,82.26,82.26,82.26,82.26,82.26,82.26,82.26,82.26,82.26
Facebook Ads,$facebook_int$AND$PH$MAItangjie0131 – Copy 2代,2.3853735007790404e+16,2023-02-15,475,38.09,0.08,117,36.35,45.91,50.47,52.57,54.75,56.45,58.19,59.77,61.96,63.76,65.64,67.31,69.02,70.4,71.63,72.68,73.99,74.9,75.97,76.79,76.79,76.79,76.79,76.79,76.79,76.79,76.79,76.79,76.79
Facebook Ads,$facebook_int$AND$BR$MAItangjie0131,2.3853613270300404e+16,2023-02-09,468,67.66,0.14,159,37.22,50.1,56.25,60.38,64.76,67.71,69.69,71.55,73.5,75.23,76.74,79.18,80.21,81.54,82.72,83.57,84.48,85.33,86.08,86.59,87.03,87.96,88.42,89.02,90.23,91.26,91.26,91.26,91.26
Facebook Ads,youdaozhixuan_Liveme_FB_mess cleaner_MX_03_aaa_page002_ys_0210_ON,2.385364476187077e+16,2023-02-11,468,57.64,0.12,62,32.17,38.54,41.81,44.15,45.29,46.28,47.08,47.69,48.02,48.21,48.51,48.55,49.07,49.4,49.63,50.17,50.41,50.7,50.84,50.93,51.04,51.09,51.3,51.75,51.75,51.75,51.75,51.75,51.75
Facebook Ads,$facebook_int$AND$PH$MAItangjie0131 – Copy 2代,2.3853735007790404e+16,2023-02-14,461,34.44,0.07,122,42.54,56.45,64.23,69.19,71.54,73.25,74.52,75.87,77.26,79.21,81.32,82.91,84.32,86.0,87.53,88.69,89.92,91.31,92.08,93.06,94.24,94.24,94.24,94.24,94.24,94.24,94.24,94.24,94.24
Facebook Ads,$facebook_int$AND$BR$MAItangjie0131,2.3853613270300404e+16,2023-02-08,439,69.37,0.16,165,28.68,39.82,44.4,48.39,51.37,53.99,56.03,57.87,59.14,60.73,61.73,62.67,63.52,64.39,64.85,65.44,65.75,66.12,66.58,67.01,67.37,67.7,68.03,68.39,68.88,69.74,70.48,70.48,70.48
Facebook Ads,youdaozhixuan_Liveme_FB_mess cleaner_MX_03_aaa_page002_ys_0210_ON,2.385364476187077e+16,2023-02-13,438,50.44,0.12,57,25.96,33.15,37.58,39.68,41.48,42.61,43.59,43.94,44.68,45.22,45.74,46.17,46.52,46.76,47.14,47.5,47.81,48.06,48.38,48.82,49.23,49.66,49.66,49.66,49.66,49.66,49.66,49.66,49.66
Facebook Ads,youdaozhixuan_Liveme_FB__PH_01_aaa_page002_ys_0210_,2.385248167094053e+16,2023-02-10,414,35.97,0.09,113,41.33,53.11,58.87,62.91,66.09,67.88,69.33,70.7,71.75,72.97,73.96,74.96,76.14,77.23,78.11,78.92,79.74,80.83,81.39,81.92,82.23,82.69,83.11,83.61,83.95,83.95,83.95,83.95,83.95
Facebook Ads,youdaozhixuan_Liveme_FB_mess cleaner_MX_03_aaa_page002_ys_0210_ON,2.385364476187077e+16,2023-02-12,410,50.45,0.12,51,26.45,29.79,31.42,32.85,33.74,35.09,35.71,36.02,36.28,36.46,36.93,37.6,37.78,38.22,38.73,39.15,39.43,39.72,39.92,40.15,40.51,40.99,41.33,41.33,41.33,41.33,41.33,41.33,41.33
Facebook Ads,$facebook_int$AND$BR$MAItangjie0131 – Copy2,2.3853718851330404e+16,2023-02-10,399,37.67,0.09,57,45.49,54.68,58.21,61.32,64.72,66.48,67.18,68.09,68.59,68.74,68.87,68.99,69.0,69.09,69.24,69.61,70.05,71.03,71.76,71.82,71.94,72.08,72.15,72.34,72.48,72.48,72.48,72.48,72.48
Facebook Ads,youdaozhixuan_Liveme_FB_mess cleaner_MX_03_aaa_page002_ys_0210_ON,2.385364476187077e+16,2023-02-14,399,49.75,0.12,49,33.21,37.69,41.16,44.24,45.8,46.44,46.75,47.2,47.53,48.53,49.04,49.86,50.65,51.01,51.89,52.35,52.63,53.12,53.59,54.32,54.63,54.63,54.63,54.63,54.63,54.63,54.63,54.63,54.63
Facebook Ads,$facebook_int$AND$PH$MAItangjie0131 – Copy,2.3853682073710404e+16,2023-02-08,396,45.45,0.11,96,33.07,39.51,42.49,44.69,46.46,47.87,48.79,49.85,50.68,51.13,51.72,52.5,52.77,53.12,53.83,54.44,55.18,55.78,56.3,56.86,57.45,57.88,58.52,59.04,59.36,60.27,60.91,60.91,60.91
Facebook Ads,youdaozhixuan_liveme_FB_MessCleaner_BR_02_aaa_page002_ys_0210-2_ON,2.385286313431023e+16,2023-02-13,385,53.15,0.14,64,28.38,36.83,40.42,42.81,45.42,46.98,47.39,48.27,48.5,48.62,48.92,49.3,49.53,49.87,50.31,50.6,50.87,51.32,51.51,51.95,52.21,52.52,52.52,52.52,52.52,52.52,52.52,52.52,52.52
Facebook Ads,$facebook_int$AND$BR$MAItangjie0131,2.3853613270300404e+16,2023-02-10,383,55.13,0.14,62,25.38,31.72,34.76,38.17,41.07,42.15,42.59,42.92,43.09,43.24,43.48,43.56,43.71,43.9,44.09,44.26,44.38,44.48,44.85,44.91,45.11,45.17,45.24,45.47,45.81,45.81,45.81,45.81,45.81
Facebook Ads,youdaozhixuan_Liveme_FB_mess cleaner_MX_03_aaa_page002_ys_0210_ON,2.385364476187077e+16,2023-02-15,373,49.95,0.13,55,30.4,35.12,38.42,41.04,42.12,43.58,44.38,44.96,45.86,47.2,48.17,48.96,49.68,50.65,51.4,51.78,52.38,52.87,53.48,54.06,54.06,54.06,54.06,54.06,54.06,54.06,54.06,54.06,54.06
Facebook Ads,$facebook_int$AND$PH$MAItangjie0131 – Copy 2代,2.3853735007790404e+16,2023-02-12,367,30.84,0.08,97,37.01,45.73,50.71,54.27,56.61,58.71,60.01,61.72,62.83,63.42,64.35,65.92,67.04,68.09,69.34,70.27,71.34,72.0,73.08,74.14,75.24,76.1,76.67,76.67,76.67,76.67,76.67,76.67,76.67
Facebook Ads,$facebook_int$AND$PH$MAItangjie0131 – Copy 2代,2.3853735007790404e+16,2023-02-11,352,28.42,0.08,86,39.63,48.92,55.47,58.52,61.1,63.26,64.81,66.16,67.52,68.82,69.39,70.96,72.24,73.44,74.83,76.32,77.35,78.27,79.12,80.0,80.9,81.54,82.72,83.18,83.18,83.18,83.18,83.18,83.18
Facebook Ads,youdaozhixuan_liveme_FB_MessCleaner_BR_02_aaa_page002_ys_0210-2_ON,2.385286313431023e+16,2023-02-12,337,51.56,0.15,47,25.78,29.77,32.17,33.34,34.49,34.84,35.38,35.69,35.81,35.85,35.95,35.98,36.02,36.04,36.26,36.32,36.36,36.37,36.38,36.5,36.56,36.65,36.69,36.69,36.69,36.69,36.69,36.69,36.69
Facebook Ads,$facebook_int$AND$PH$MAItangjie0131 – Copy,2.3853682073710404e+16,2023-02-15,336,28.32,0.08,76,33.63,42.78,46.77,51.11,52.61,53.91,55.38,57.22,59.3,61.17,62.64,64.15,66.22,67.89,69.2,70.37,71.1,71.87,72.51,73.34,73.34,73.34,73.34,73.34,73.34,73.34,73.34,73.34,73.34
Facebook Ads,youdaozhixuan_liveme_FB_MessCleaner_BR_02_aaa_page002_ys_0210-2_ON,2.385286313431023e+16,2023-02-14,334,51.6,0.15,73,28.6,33.45,36.39,38.51,39.89,40.52,41.31,42.37,43.45,43.84,44.41,45.14,45.67,46.06,46.42,46.81,47.12,47.51,47.97,48.5,49.69,49.69,49.69,49.69,49.69,49.69,49.69,49.69,49.69
Facebook Ads,$facebook_int$AND$PH$MAItangjie0131 – Copy 2代,2.3853735007790404e+16,2023-02-13,329,30.44,0.09,96,32.21,40.62,48.4,51.1,53.97,56.18,57.18,57.88,58.69,59.33,60.39,61.85,62.7,63.62,64.43,64.88,65.69,66.39,66.83,67.32,67.86,68.28,68.28,68.28,68.28,68.28,68.28,68.28,68.28
Facebook Ads,youdaozhixuan_liveme_FB_MessCleaner_BR_02_aaa_page002_ys_0210-2_ON,2.385286313431023e+16,2023-02-15,317,38.94,0.12,73,23.98,29.43,32.79,34.87,36.37,37.39,37.94,38.66,39.82,40.49,41.62,42.26,43.0,43.35,43.43,43.54,43.66,43.73,43.93,44.04,44.04,44.04,44.04,44.04,44.04,44.04,44.04,44.04,44.04
googleadwords_int,MessCleaner_AND_US_UAC1.0_Bid0.50_Xueqing_20221209,19193821324.0,2023-02-11,308,141.8,0.46,160,17.08,23.6,27.54,31.28,33.8,35.72,38.42,40.32,42.03,43.08,43.79,45.56,47.46,48.95,50.96,52.13,53.47,54.66,55.66,56.36,57.68,58.58,59.96,61.52,61.52,61.52,61.52,61.52,61.52
Facebook Ads,youdaozhixuan_liveme_FB_MessCleaner_BR_02_aaa_page002_ys_0210-2_ON,2.385286313431023e+16,2023-02-11,306,50.88,0.17,38,23.6,26.93,28.6,30.03,30.82,31.4,32.2,32.52,32.98,33.25,33.67,33.95,34.12,34.42,34.49,34.74,35.06,35.62,35.84,36.29,36.51,37.2,37.51,38.08,38.08,38.08,38.08,38.08,38.08
Facebook Ads,youdaozhixuan_Liveme_FB__US_01_aaa_page002_ys_0206-2_ON,2.385243197400053e+16,2023-02-13,277,156.99,0.57,57,44.39,56.18,62.31,67.59,70.91,73.38,75.67,77.14,78.03,79.67,81.81,83.13,84.37,85.34,86.11,87.18,88.41,90.15,92.45,93.71,95.86,97.2,97.2,97.2,97.2,97.2,97.2,97.2,97.2
Facebook Ads,$facebook_int$AND$PH$MAItangjie0131,2.3853612916580404e+16,2023-02-08,276,48.4,0.18,53,17.39,21.41,23.28,24.52,25.13,25.93,26.55,27.07,27.25,27.7,28.0,28.27,28.44,28.59,28.83,29.09,29.45,29.73,29.94,30.19,30.36,30.55,30.79,31.14,31.29,31.4,31.45,31.45,31.45
Facebook Ads,youdaozhixuan_liveme_FB_MessCleaner_BR_02_aaa_page002_ys_0210_ON,2.385286196786023e+16,2023-02-13,274,52.72,0.19,29,26.79,32.13,35.33,37.3,38.18,38.67,38.97,39.13,39.26,39.4,39.54,39.57,39.59,39.6,39.62,39.65,39.68,39.71,39.78,39.82,39.92,40.04,40.04,40.04,40.04,40.04,40.04,40.04,40.04
Facebook Ads,$facebook_int$AND$BR$MAItangjie0131,2.3853613270300404e+16,2023-02-11,262,42.28,0.16,31,25.34,31.32,35.64,37.3,37.72,38.48,39.14,39.36,39.82,39.99,40.07,40.1,40.48,40.96,41.11,41.13,41.52,41.81,42.36,42.67,43.1,43.49,43.82,43.94,43.94,43.94,43.94,43.94,43.94
Facebook Ads,youdaozhixuan_Liveme_FB__US_01_aaa_page002_ys_0206-1_ON,2.385243187580053e+16,2023-02-11,260,188.92,0.73,56,36.77,48.8,58.37,64.25,67.28,71.31,73.64,74.92,75.74,76.99,78.13,78.66,79.68,80.46,80.94,81.76,82.56,83.14,83.43,83.7,84.21,84.32,84.69,85.27,85.27,85.27,85.27,85.27,85.27
Facebook Ads,youdaozhixuan_liveme_FB_MessCleaner_BR_02_aaa_page002_ys_0210_ON,2.385286196786023e+16,2023-02-11,257,57.65,0.22,25,22.18,25.86,27.24,28.8,29.7,31.03,31.57,31.75,31.87,32.1,32.15,32.16,32.16,32.16,32.16,32.3,32.34,32.34,32.35,32.35,32.56,32.56,32.56,32.56,32.56,32.56,32.56,32.56,32.56
Facebook Ads,youdaozhixuan_liveme_FB_MessCleaner_BR_02_aaa_page002_ys_0210_ON,2.385286196786023e+16,2023-02-12,254,51.35,0.2,21,18.48,20.55,21.39,22.06,22.33,23.44,23.81,24.0,24.37,24.88,25.83,25.85,25.87,25.91,26.21,26.37,26.4,26.43,26.44,26.47,26.48,26.53,26.57,26.57,26.57,26.57,26.57,26.57,26.57
Facebook Ads,youdaozhixuan_Liveme_FB__US_01_aaa_page002_ys_0206-2_ON,2.385243197400053e+16,2023-02-14,250,150.34,0.6,60,45.16,53.01,57.87,61.1,64.07,65.92,67.63,69.34,69.91,71.0,72.06,73.35,73.77,74.18,75.12,75.46,75.83,76.4,76.78,77.79,78.74,78.74,78.74,78.74,78.74,78.74,78.74,78.74,78.74
Facebook Ads,youdaozhixuan_Liveme_FB__US_01_aaa_page002_ys_0206-2_ON,2.385243197400053e+16,2023-02-10,250,153.11,0.61,46,42.3,50.51,54.47,57.66,61.31,63.47,64.83,66.62,67.86,69.24,70.82,71.98,72.7,72.95,73.78,74.42,75.14,75.56,75.9,76.11,76.39,76.83,77.22,77.77,78.33,78.33,78.33,78.33,78.33
googleadwords_int,MessCleaner_AND_US_UAC1.0_Bid0.50_Xueqing_20221209,19193821324.0,2023-02-12,248,81.01,0.33,140,21.79,34.38,44.06,49.15,54.35,57.31,61.25,63.97,68.2,71.69,72.83,75.75,78.41,80.94,83.01,86.21,90.36,92.12,94.63,96.6,98.07,100.58,104.71,104.71,104.71,104.71,104.71,104.71,104.71
Facebook Ads,$facebook_int$AND$BR$MAItangjie0131 – Copy 3,2.3853733866640404e+16,2023-02-13,240,31.85,0.13,71,23.74,34.62,40.06,44.1,45.92,47.51,49.44,50.03,50.24,50.55,51.3,52.28,53.2,53.95,54.84,55.27,55.64,55.97,56.42,56.91,57.84,58.6,58.6,58.6,58.6,58.6,58.6,58.6,58.6
Facebook Ads,youdaozhixuan_liveme_FB_MessCleaner_BR_02_aaa_page002_ys_0210_ON,2.385286196786023e+16,2023-02-14,236,49.99,0.21,23,18.91,20.71,20.98,21.33,21.57,21.74,21.87,22.31,22.39,22.76,23.28,23.83,23.9,23.95,23.98,24.0,24.08,24.09,24.12,24.14,24.15,24.15,24.15,24.15,24.15,24.15,24.15,24.15,24.15
Facebook Ads,youdaozhixuan_Liveme_FB__US_01_aaa_page002_ys_0206-2_ON,2.385243197400053e+16,2023-02-11,235,156.55,0.67,57,40.36,50.98,57.39,63.67,65.86,68.49,71.53,73.83,75.54,76.84,78.7,80.75,82.78,84.69,86.42,87.59,89.12,91.37,93.18,94.63,95.85,96.72,98.53,99.68,99.68,99.68,99.68,99.68,99.68
Facebook Ads,$facebook_int$AND$BR$MAItangjie0131,2.3853613270300404e+16,2023-02-12,234,40.84,0.17,43,17.63,22.46,25.79,26.9,27.73,29.19,30.22,30.68,31.04,31.13,31.41,31.7,32.27,32.97,33.57,33.75,34.07,34.27,34.39,34.58,35.09,35.96,36.51,36.51,36.51,36.51,36.51,36.51,36.51
Facebook Ads,youdaozhixuan_Liveme_FB__US_01_aaa_page002_ys_0206-1_ON,2.385243187580053e+16,2023-02-13,234,176.17,0.75,66,35.06,44.27,49.73,54.28,57.27,61.98,64.7,68.2,69.87,71.71,73.84,76.16,77.7,79.63,81.23,82.51,83.48,84.12,84.72,85.3,86.39,87.53,87.53,87.53,87.53,87.53,87.53,87.53,87.53
googleadwords_int,MessCleaner_AND_US_UAC1.0_Bid0.50_Xueqing_20221209,19193821324.0,2023-02-13,234,84.3,0.36,113,21.24,31.62,37.89,40.28,43.84,45.47,48.31,49.81,52.99,56.4,60.0,61.39,64.06,66.04,68.74,70.09,71.25,73.85,76.41,77.95,80.98,84.24,84.24,84.24,84.24,84.24,84.24,84.24,84.24
Facebook Ads,youdaozhixuan_Liveme_FB__US_01_aaa_page002_ys_0206-1_ON,2.385243187580053e+16,2023-02-14,228,171.38,0.75,67,35.23,44.32,51.78,55.57,59.74,62.22,64.83,67.38,69.5,71.47,73.36,74.62,75.32,76.04,77.49,78.05,78.88,79.38,79.75,80.5,81.4,81.4,81.4,81.4,81.4,81.4,81.4,81.4,81.4
Facebook Ads,youdaozhixuan_Liveme_FB__US_01_aaa_page002_ys_0206-1_ON,2.385243187580053e+16,2023-02-15,221,168.65,0.76,69,33.6,43.79,50.18,54.81,58.43,62.0,64.83,66.76,68.34,69.26,70.21,71.43,72.32,73.29,74.07,74.63,75.14,75.55,76.65,78.17,78.17,78.17,78.17,78.17,78.17,78.17,78.17,78.17,78.17
Facebook Ads,youdaozhixuan_Liveme_FB__US_01_aaa_page002_ys_0206-2_ON,2.385243197400053e+16,2023-02-08,220,111.21,0.51,53,53.52,71.22,79.57,87.7,91.11,93.89,98.0,100.88,103.96,105.3,106.65,108.02,108.77,109.62,110.5,110.97,111.77,112.34,112.86,113.17,113.52,113.83,114.33,115.2,115.97,116.97,117.78,117.78,117.78
Facebook Ads,youdaozhixuan_Liveme_FB__US_01_aaa_page002_ys_0206-2_ON,2.385243197400053e+16,2023-02-12,216,149.41,0.69,47,35.28,46.21,53.48,57.43,62.01,65.05,68.19,69.97,71.56,72.53,75.16,76.12,77.21,78.41,79.56,80.46,81.79,82.29,83.08,83.7,84.18,85.25,86.1,86.1,86.1,86.1,86.1,86.1,86.1
Facebook Ads,youdaozhixuan_Liveme_FB__US_01_aaa_page002_ys_0206-2_ON,2.385243197400053e+16,2023-02-15,209,144.89,0.69,44,33.71,41.7,44.31,46.15,47.04,48.5,49.45,51.16,53.01,54.27,55.16,55.99,56.62,57.59,58.45,59.11,59.69,60.44,61.57,63.48,63.48,63.48,63.48,63.48,63.48,63.48,63.48,63.48,63.48
Facebook Ads,youdaozhixuan_Liveme_FB__US_01_aaa_page002_ys_0206-1_ON,2.385243187580053e+16,2023-02-12,205,170.22,0.83,66,28.05,38.11,42.02,43.91,45.72,47.26,49.08,50.1,51.43,52.79,53.4,55.66,56.9,57.74,59.17,60.4,61.21,62.0,63.26,63.9,64.48,65.7,66.47,66.47,66.47,66.47,66.47,66.47,66.47
googleadwords_int,MessCleaner_AND_US_UAC1.0_Bid0.50_Xueqing_20221209,19193821324.0,2023-02-09,203,87.01,0.43,101,23.5,34.26,40.51,43.87,46.13,48.27,49.82,52.39,57.35,59.59,61.03,63.75,66.89,68.29,71.04,74.62,76.95,77.69,79.13,80.13,81.84,83.22,85.73,88.59,91.42,94.34,94.34,94.34,94.34
Facebook Ads,$facebook_int$AND$BR$MAItangjie0131 – Copy 3,2.3853733866640404e+16,2023-02-14,199,21.43,0.11,76,29.78,37.95,41.76,44.51,47.16,48.66,49.8,50.47,51.51,52.65,53.31,53.94,54.61,55.14,55.69,56.71,57.22,57.95,58.64,60.72,62.12,62.12,62.12,62.12,62.12,62.12,62.12,62.12,62.12
Facebook Ads,$facebook_int$AND$BR$MAItangjie0131 – Copy 3,2.3853733866640404e+16,2023-02-11,197,33.24,0.17,56,20.42,26.17,29.85,32.02,32.81,33.48,34.65,35.23,35.57,36.1,36.43,36.96,37.78,38.75,39.22,39.82,40.69,41.06,41.49,41.85,42.3,42.62,43.35,43.75,43.75,43.75,43.75,43.75,43.75
googleadwords_int,MessCleaner_AND_US_UAC1.0_Bid0.50_Xueqing_20221209,19193821324.0,2023-02-08,187,75.75,0.41,93,19.38,30.75,38.05,43.59,46.13,50.39,52.06,53.29,55.04,57.03,58.06,59.83,60.89,62.94,65.82,67.87,70.43,72.23,73.78,74.74,75.39,76.15,76.65,76.96,77.59,78.86,79.67,79.67,79.67
Facebook Ads,youdaozhixuan_liveme_FB_MessCleaner_BR_02_aaa_page002_ys_0210_ON,2.385286196786023e+16,2023-02-15,183,37.94,0.21,18,14.82,17.37,19.02,19.99,21.34,22.24,22.54,23.34,23.69,24.2,24.28,24.48,24.52,24.61,24.64,24.67,24.71,24.76,24.88,25.73,25.73,25.73,25.73,25.73,25.73,25.73,25.73,25.73,25.73
Facebook Ads,$facebook_int$AND$BR$MAItangjie0131 – Copy 3,2.3853733866640404e+16,2023-02-12,181,30.99,0.17,65,23.76,32.58,38.09,43.02,47.3,49.36,50.61,50.94,51.9,52.71,53.57,54.21,54.62,55.02,55.87,56.27,56.93,57.67,58.5,59.38,60.09,60.63,61.25,61.25,61.25,61.25,61.25,61.25,61.25
Facebook Ads,$facebook_int$AND$PH$MAItangjie0131,2.3853612916580404e+16,2023-02-09,173,29.78,0.17,39,18.78,22.49,24.62,26.11,27.45,28.29,28.74,29.93,30.46,30.8,31.35,31.69,31.9,32.1,32.33,32.76,32.97,33.56,33.88,34.08,34.23,34.29,34.46,34.69,34.99,35.1,35.1,35.1,35.1
Facebook Ads,youdaozhixuan_Liveme_FB__US_01_aaa_page002_ys_0206-2_ON,2.385243197400053e+16,2023-02-09,166,123.81,0.75,31,37.69,44.18,46.85,47.74,49.16,50.03,50.27,50.81,51.23,51.25,51.89,55.04,55.97,56.62,57.03,57.26,57.73,58.27,58.59,59.02,59.38,59.69,60.2,61.02,62.15,63.05,63.05,63.05,63.05
Facebook Ads,youdaozhixuan_Liveme_FB__US_01_aaa_page002_ys_0206-1_ON,2.385243187580053e+16,2023-02-10,153,117.27,0.77,49,38.47,45.81,49.64,52.86,55.39,57.44,58.83,60.75,61.7,62.78,63.35,65.48,65.92,66.53,67.36,67.95,68.2,68.44,68.73,68.9,69.09,69.32,69.64,70.34,71.04,71.04,71.04,71.04,71.04
Facebook Ads,$facebook_int$AND$BR$MAItangjie0131 – Copy,2.3853623887190404e+16,2023-02-08,142,22.97,0.16,27,42.93,51.48,57.93,63.3,67.89,69.87,70.91,71.47,72.76,74.18,74.33,74.57,75.58,76.01,76.25,76.41,76.87,77.04,77.21,77.67,77.8,77.96,78.1,78.28,78.41,78.71,79.05,79.05,79.05
Facebook Ads,$facebook_int$AND$BR$MAItangjie0131 – Copy,2.3853623887190404e+16,2023-02-09,128,18.38,0.14,28,25.69,36.11,46.19,50.77,54.62,57.61,61.05,63.2,65.66,68.18,68.71,70.02,70.37,73.34,74.7,76.3,77.88,79.74,81.31,82.21,82.78,83.18,84.27,84.98,85.97,87.18,87.18,87.18,87.18
Facebook Ads,youdaozhixuan_liveme_FB_MessCleaner_US_02_aaa_page002_ys_0206-2_ON,2.385279025657023e+16,2023-02-08,123,70.63,0.57,38,45.62,63.34,72.07,83.76,89.56,94.35,101.64,104.22,106.56,108.24,111.03,114.86,117.54,119.96,124.98,126.35,127.91,128.58,129.2,129.72,130.74,131.58,132.5,133.58,133.98,134.6,135.03,135.03,135.03
googleadwords_int,MessCleaner_AND_US_UAC1.0_Bid0.50_Xueqing_20221209,19193821324.0,2023-02-10,120,50.87,0.42,63,29.67,44.23,53.27,57.72,62.97,65.2,66.73,68.55,69.0,69.25,70.65,72.04,72.99,74.58,76.26,78.34,79.16,80.17,82.99,85.01,86.3,87.12,87.96,89.56,91.1,91.1,91.1,91.1,91.1
Facebook Ads,$facebook_int$AND$BR$MAItangjie0131 – Copy2,2.3853718851330404e+16,2023-02-09,115,12.34,0.11,13,85.77,91.75,98.45,100.04,100.79,101.84,102.14,102.16,102.16,102.16,102.31,102.45,102.45,102.45,102.49,102.59,102.61,102.65,102.69,102.73,102.82,103.22,103.23,103.23,103.31,103.75,103.75,103.75,103.75
Facebook Ads,$facebook_int$AND$PH$MAItangjie0131,2.3853612916580404e+16,2023-02-10,114,17.86,0.16,17,21.86,25.1,26.01,26.91,28.04,28.63,28.76,28.79,28.85,29.06,29.09,29.11,29.13,29.21,29.41,29.56,29.85,30.14,30.26,30.37,30.42,30.54,30.7,31.24,31.53,31.53,31.53,31.53,31.53
Facebook Ads,youdaozhixuan_Liveme_FB_mess cleaner_US_03_aaa_page_ys_0209_ON,2.385363419980077e+16,2023-02-11,110,72.42,0.66,37,40.01,55.64,68.47,76.07,82.47,85.24,87.12,88.92,90.92,92.55,94.09,95.79,97.84,98.94,99.98,100.68,101.46,102.16,102.77,103.31,103.74,104.41,104.94,106.14,106.14,106.14,106.14,106.14,106.14
Facebook Ads,$facebook_int$AND$PH$MAItangjie0131 – Copy 2代,2.3853735007790404e+16,2023-02-10,107,12.07,0.11,31,26.71,37.85,41.86,43.85,45.78,46.82,47.88,48.5,48.98,49.27,49.46,49.6,49.92,50.51,51.27,51.87,52.18,52.27,52.52,52.6,52.81,52.9,53.09,53.26,53.6,53.6,53.6,53.6,53.6
Facebook Ads,youdaozhixuan_Liveme_FB_mess cleaner_MX_03_aaa_page002_ys_0210_ON,2.385364476187077e+16,2023-02-10,103,12.25,0.12,13,51.64,61.89,63.21,63.76,63.84,64.15,64.24,64.31,64.31,64.77,64.77,64.77,64.78,64.84,65.06,65.16,65.37,65.46,65.52,65.56,65.7,65.86,65.94,66.14,66.47,66.47,66.47,66.47,66.47
Facebook Ads,youdaozhixuan_Liveme_FB__US_01_aaa_page002_ys_0206-1_ON,2.385243187580053e+16,2023-02-09,103,68.85,0.67,26,43.75,56.8,62.53,63.73,65.18,67.44,68.88,70.73,72.12,73.59,74.43,74.62,75.38,75.64,76.16,77.29,78.22,78.85,79.4,80.45,81.36,82.06,82.63,83.79,85.37,86.32,86.32,86.32,86.32
Facebook Ads,youdaozhixuan_Liveme_FB_mess cleaner_US_03_aaa_page_ys_0209_ON,2.385363419980077e+16,2023-02-14,101,70.1,0.69,20,50.87,55.51,58.01,58.65,60.46,61.96,62.36,62.61,63.31,63.49,63.98,64.87,65.08,65.42,65.65,66.36,66.72,66.95,67.28,68.15,69.5,69.5,69.5,69.5,69.5,69.5,69.5,69.5,69.5
Facebook Ads,youdaozhixuan_Liveme_FB_mess cleaner_MX_03_aaa_page002_ys_0210-2_ON,2.385364597840077e+16,2023-02-10,100,9.65,0.1,15,51.9,60.88,61.52,62.87,62.87,63.09,63.17,63.48,63.63,64.18,64.42,64.72,64.74,64.83,65.07,65.15,65.33,65.79,67.4,68.17,69.01,69.23,69.31,69.42,69.54,69.54,69.54,69.54,69.54
Facebook Ads,youdaozhixuan_Liveme_FB_mess cleaner_US_03_aaa_page_ys_0209_ON,2.385363419980077e+16,2023-02-13,97,72.28,0.75,27,37.97,47.21,55.79,59.68,64.6,66.93,68.95,70.43,71.45,72.65,74.54,75.87,78.17,80.64,83.16,86.07,88.73,91.62,93.82,97.53,100.95,105.0,105.0,105.0,105.0,105.0,105.0,105.0,105.0
Facebook Ads,youdaozhixuan_Liveme_FB__US_01_aaa_page002_ys_0206-1_ON,2.385243187580053e+16,2023-02-08,96,72.2,0.75,27,29.23,44.14,47.35,51.75,52.75,54.21,55.8,57.59,58.93,61.21,62.79,63.36,64.25,65.95,67.41,67.75,69.0,70.27,71.07,72.46,73.61,74.66,75.13,76.06,76.73,77.51,78.42,78.42,78.42
Facebook Ads,youdaozhixuan_liveme_FB_MessCleaner_US_02_aaa_page002_ys_0206-2_ON,2.385279025657023e+16,2023-02-12,92,50.86,0.55,31,57.69,81.45,94.08,107.87,114.39,117.91,122.84,125.26,129.22,133.55,135.04,137.32,145.92,148.43,149.77,153.63,155.33,157.9,160.09,164.02,165.03,169.09,171.16,171.16,171.16,171.16,171.16,171.16,171.16
Facebook Ads,youdaozhixuan_Liveme_FB_mess cleaner_US_03_aaa_page_ys_0209_ON,2.385363419980077e+16,2023-02-15,88,69.26,0.79,23,45.7,56.3,64.81,70.17,72.8,74.39,75.72,78.73,80.53,82.78,83.7,85.83,87.79,90.85,92.79,94.58,96.25,96.91,97.48,98.73,98.73,98.73,98.73,98.73,98.73,98.73,98.73,98.73,98.73
Facebook Ads,youdaozhixuan_liveme_FB_MessCleaner_US_02_aaa_page002_ys_0206-2_ON,2.385279025657023e+16,2023-02-11,88,54.48,0.62,26,67.97,99.82,125.69,147.87,156.34,162.85,171.31,173.8,175.75,179.37,182.26,186.05,187.6,190.99,194.73,197.38,198.96,200.35,202.88,204.26,205.15,207.49,210.02,212.31,212.31,212.31,212.31,212.31,212.31
Facebook Ads,youdaozhixuan_liveme_FB_MessCleaner_US_02_aaa_page002_ys_0206-1_ON,2.385279003389023e+16,2023-02-14,88,49.3,0.56,18,45.4,50.73,54.97,58.78,62.69,64.31,68.01,69.12,70.53,72.12,73.42,74.31,74.88,75.76,77.18,78.46,79.16,80.32,80.46,81.15,82.09,82.09,82.09,82.09,82.09,82.09,82.09,82.09,82.09
Facebook Ads,youdaozhixuan_liveme_FB_MessCleaner_US_02_aaa_page002_ys_0206-2_ON,2.385279025657023e+16,2023-02-13,85,51.22,0.6,36,43.86,61.89,72.63,80.96,84.1,86.59,87.17,88.46,91.97,93.23,94.76,96.34,97.13,98.24,99.63,101.37,102.14,102.95,104.73,105.93,107.35,108.79,108.79,108.79,108.79,108.79,108.79,108.79,108.79
Facebook Ads,youdaozhixuan_Liveme_FB_mess cleaner_US_03_aaa_page_ys_0209_ON,2.385363419980077e+16,2023-02-12,84,69.12,0.82,27,35.34,50.65,58.51,63.46,66.55,68.76,69.51,70.9,71.56,72.35,72.91,73.87,74.52,74.98,75.44,76.15,76.59,77.19,78.33,78.94,79.38,80.19,80.84,80.84,80.84,80.84,80.84,80.84,80.84
Facebook Ads,youdaozhixuan_Liveme_FB_mess cleaner_US_03_aaa_page_ys_0209_ON,2.385363419980077e+16,2023-02-10,84,70.23,0.84,21,35.47,46.22,50.39,53.22,56.64,58.6,59.41,60.12,60.34,60.34,61.34,61.9,62.41,62.9,63.3,64.43,65.27,65.87,66.95,67.71,67.91,68.38,68.78,69.04,69.46,69.46,69.46,69.46,69.46
Facebook Ads,youdaozhixuan_liveme_FB_MessCleaner_US_02_aaa_page002_ys_0206-2_ON,2.385279025657023e+16,2023-02-15,84,42.3,0.5,25,60.2,78.84,85.22,89.42,93.25,95.15,100.24,102.14,103.14,105.06,106.91,107.51,110.05,111.43,116.92,119.47,121.19,122.94,124.6,125.28,125.28,125.28,125.28,125.28,125.28,125.28,125.28,125.28,125.28
Facebook Ads,youdaozhixuan_liveme_FB_MessCleaner_US_02_aaa_page002_ys_0206-1_ON,2.385279003389023e+16,2023-02-11,77,55.09,0.72,13,33.7,47.82,58.75,66.84,71.54,73.12,81.05,85.31,88.38,92.0,93.05,93.42,93.63,93.7,93.86,94.14,95.43,95.71,95.83,95.88,95.99,96.21,96.52,97.49,97.49,97.49,97.49,97.49,97.49
Facebook Ads,youdaozhixuan_liveme_FB_MessCleaner_US_02_aaa_page002_ys_0206-2_ON,2.385279025657023e+16,2023-02-09,74,50.8,0.69,37,49.81,77.86,88.5,93.61,98.51,105.67,110.97,113.2,114.8,119.96,122.07,122.97,125.06,127.57,131.91,134.32,137.1,138.94,140.86,143.39,145.49,146.13,147.82,148.7,150.77,151.19,151.19,151.19,151.19
Facebook Ads,youdaozhixuan_liveme_FB_MessCleaner_US_02_aaa_page002_ys_0206-2_ON,2.385279025657023e+16,2023-02-10,73,51.31,0.7,27,57.79,68.57,78.44,89.72,98.59,102.51,110.08,118.47,121.51,124.31,125.93,127.45,129.19,131.39,133.15,135.34,136.14,137.31,138.38,140.61,141.82,142.93,145.75,146.57,147.91,147.91,147.91,147.91,147.91
Facebook Ads,youdaozhixuan_liveme_FB_MessCleaner_US_02_aaa_page002_ys_0206-1_ON,2.385279003389023e+16,2023-02-08,70,70.39,1.01,19,24.1,34.68,39.82,42.05,43.82,44.47,45.41,46.06,46.75,47.28,48.29,50.61,51.0,52.87,54.27,55.43,56.81,58.12,59.04,59.65,59.81,59.97,60.32,60.66,60.99,61.29,61.75,61.75,61.75
Facebook Ads,youdaozhixuan_liveme_FB_MessCleaner_US_02_aaa_page002_ys_0206-1_ON,2.385279003389023e+16,2023-02-09,69,50.42,0.73,19,44.77,64.06,75.09,81.78,89.22,96.33,101.88,106.4,109.23,113.21,116.04,117.78,118.73,120.57,122.1,127.37,128.76,129.53,129.65,129.92,130.03,130.69,130.78,132.21,132.78,133.28,133.28,133.28,133.28
Facebook Ads,youdaozhixuan_liveme_FB_MessCleaner_US_02_aaa_page002_ys_0206-1_ON,2.385279003389023e+16,2023-02-10,69,51.48,0.75,16,36.49,50.64,55.5,57.82,62.06,62.75,66.14,66.82,70.18,71.85,73.15,74.55,75.02,75.32,77.61,78.71,79.09,80.26,80.84,81.36,81.74,82.84,83.24,84.23,84.69,84.69,84.69,84.69,84.69
Facebook Ads,youdaozhixuan_liveme_FB_MessCleaner_US_02_aaa_page002_ys_0206-2_ON,2.385279025657023e+16,2023-02-14,69,50.29,0.73,26,50.55,62.44,70.58,82.08,87.26,90.12,93.79,99.17,103.06,108.82,113.96,116.2,119.3,122.21,126.19,128.96,131.66,134.53,136.93,138.67,142.19,142.19,142.19,142.19,142.19,142.19,142.19,142.19,142.19
Facebook Ads,youdaozhixuan_liveme_FB_MessCleaner_US_02_aaa_page002_ys_0206-1_ON,2.385279003389023e+16,2023-02-13,67,51.82,0.77,18,46.48,60.99,64.74,67.4,71.63,72.37,73.42,74.42,75.8,76.34,76.63,77.53,78.58,79.21,79.65,81.37,82.43,83.49,85.24,86.34,87.84,89.72,89.72,89.72,89.72,89.72,89.72,89.72,89.72
Facebook Ads,youdaozhixuan_liveme_FB_MessCleaner_US_02_aaa_page002_ys_0206-1_ON,2.385279003389023e+16,2023-02-15,67,42.87,0.64,14,32.52,38.79,43.79,45.05,46.64,47.58,50.03,50.95,51.84,52.79,53.07,53.47,53.65,53.74,53.97,54.11,54.27,54.43,54.74,55.03,55.03,55.03,55.03,55.03,55.03,55.03,55.03,55.03,55.03
bytedanceglobal_int,Messcleaner_US_SPC_Install_20230210代,1757433215363121.0,2023-02-12,65,98.98,1.52,17,14.45,20.72,23.23,24.51,25.17,25.41,25.42,25.44,25.44,25.44,25.47,25.54,25.61,25.73,25.8,26.05,26.1,26.18,26.24,26.3,26.37,26.56,26.77,26.77,26.77,26.77,26.77,26.77,26.77
Facebook Ads,youdaozhixuan_liveme_FB_MessCleaner_US_02_aaa_page002_ys_0206-1_ON,2.385279003389023e+16,2023-02-12,64,49.89,0.78,16,57.78,78.51,93.47,99.52,106.39,109.4,112.52,114.21,114.47,115.27,116.09,117.89,119.33,119.96,122.16,122.65,123.57,123.92,124.98,125.92,127.06,128.22,130.35,130.35,130.35,130.35,130.35,130.35,130.35
Facebook Ads,youdaozhixuan_liveme_FB_MessCleaner_BR_02_aaa_page002_ys_0210-2_ON,2.385286313431023e+16,2023-02-10,63,15.11,0.24,12,29.94,35.03,36.5,38.16,40.61,41.15,41.71,42.37,43.96,43.96,44.59,45.77,45.77,46.06,46.13,46.41,46.5,46.53,47.13,47.25,47.31,47.59,47.84,48.12,48.32,48.32,48.32,48.32,48.32
organic,,,2023-02-13,58,,,15,0.0,0.0,0.0,0.0,0.0,0.0,0.0,0.0,0.0,0.0,0.0,0.0,0.0,0.0,0.0,0.0,0.0,0.0,0.0,0.0,0.0,0.0,0.0,0.0,0.0,0.0,0.0,0.0,0.0
Facebook Ads,$facebook_int$AND$BR$MAItangjie0131 – Copy 3,2.3853733866640404e+16,2023-02-10,54,10.9,0.2,9,32.69,38.07,38.61,40.0,43.43,44.82,45.44,46.53,46.53,46.72,46.72,46.95,46.95,47.17,47.21,47.67,47.71,47.72,47.75,47.85,47.87,47.97,48.05,48.18,48.28,48.28,48.28,48.28,48.28
bytedanceglobal_int,Messcleaner_US_SPC_Install_20230210代,1757433215363121.0,2023-02-11,53,99.09,1.87,7,17.56,20.83,21.89,24.38,25.7,27.27,27.45,27.6,27.76,27.91,27.97,28.24,28.26,28.5,28.51,28.52,28.62,28.63,28.71,28.8,28.83,28.89,28.95,29.19,29.19,29.19,29.19,29.19,29.19
Facebook Ads,$facebook_int$AND$BR$MAItangjie0131,2.3853613270300404e+16,2023-02-13,47,4.17,0.09,13,16.93,19.99,22.05,31.33,36.9,43.56,51.05,51.05,51.28,51.95,52.16,52.25,52.94,54.5,54.84,55.62,56.11,56.43,56.72,57.14,57.65,58.46,58.46,58.46,58.46,58.46,58.46,58.46,58.46
organic,,,2023-02-15,45,,,15,0.0,0.0,0.0,0.0,0.0,0.0,0.0,0.0,0.0,0.0,0.0,0.0,0.0,0.0,0.0,0.0,0.0,0.0,0.0,0.0,0.0,0.0,0.0,0.0,0.0,0.0,0.0,0.0,0.0
organic,,,2023-02-11,43,,,12,0.0,0.0,0.0,0.0,0.0,0.0,0.0,0.0,0.0,0.0,0.0,0.0,0.0,0.0,0.0,0.0,0.0,0.0,0.0,0.0,0.0,0.0,0.0,0.0,0.0,0.0,0.0,0.0,0.0
organic,,,2023-02-12,43,,,11,0.0,0.0,0.0,0.0,0.0,0.0,0.0,0.0,0.0,0.0,0.0,0.0,0.0,0.0,0.0,0.0,0.0,0.0,0.0,0.0,0.0,0.0,0.0,0.0,0.0,0.0,0.0,0.0,0.0
organic,,,2023-02-14,39,,,11,0.0,0.0,0.0,0.0,0.0,0.0,0.0,0.0,0.0,0.0,0.0,0.0,0.0,0.0,0.0,0.0,0.0,0.0,0.0,0.0,0.0,0.0,0.0,0.0,0.0,0.0,0.0,0.0,0.0
bytedanceglobal_int,Messcleaner_US_SPC_Install_20230210,1757435127985202.0,2023-02-12,35,99.31,2.84,11,10.68,12.93,13.73,13.86,14.0,14.05,14.58,14.61,14.64,14.64,14.74,14.82,14.87,14.91,14.95,14.97,15.01,15.03,15.3,15.45,15.46,15.51,15.6,15.6,15.6,15.6,15.6,15.6,15.6
bytedanceglobal_int,Messcleaner_US_SPC_Install_20230210代,1757433215363121.0,2023-02-13,35,65.01,1.86,5,12.49,13.81,15.46,17.08,18.75,19.76,21.77,22.54,23.91,24.87,25.94,26.33,26.35,26.38,26.39,26.41,26.43,26.44,26.46,26.5,26.59,26.84,26.84,26.84,26.84,26.84,26.84,26.84,26.84
organic,,,2023-02-10,32,,,14,0.0,0.0,0.0,0.0,0.0,0.0,0.0,0.0,0.0,0.0,0.0,0.0,0.0,0.0,0.0,0.0,0.0,0.0,0.0,0.0,0.0,0.0,0.0,0.0,0.0,0.0,0.0,0.0,0.0
organic,,,2023-02-09,30,,,14,0.0,0.0,0.0,0.0,0.0,0.0,0.0,0.0,0.0,0.0,0.0,0.0,0.0,0.0,0.0,0.0,0.0,0.0,0.0,0.0,0.0,0.0,0.0,0.0,0.0,0.0,0.0,0.0,0.0
organic,,,2023-02-08,30,,,7,0.0,0.0,0.0,0.0,0.0,0.0,0.0,0.0,0.0,0.0,0.0,0.0,0.0,0.0,0.0,0.0,0.0,0.0,0.0,0.0,0.0,0.0,0.0,0.0,0.0,0.0,0.0,0.0,0.0
googleadwords_int,MessCleaner_AND_US_UAC1.0_Bid0.50_Xueqing_20221209,19193821324.0,2023-02-14,28,,,18,0.0,0.0,0.0,0.0,0.0,0.0,0.0,0.0,0.0,0.0,0.0,0.0,0.0,0.0,0.0,0.0,0.0,0.0,0.0,0.0,0.0,0.0,0.0,0.0,0.0,0.0,0.0,0.0,0.0
Facebook Ads,$facebook_int$AND$BR$MAItangjie0131 – Copy 3,2.3853733866640404e+16,2023-02-15,28,0.0,0.0,14,0.0,0.0,0.0,0.0,0.0,0.0,0.0,0.0,0.0,0.0,0.0,0.0,0.0,0.0,0.0,0.0,0.0,0.0,0.0,0.0,0.0,0.0,0.0,0.0,0.0,0.0,0.0,0.0,0.0
bytedanceglobal_int,Messcleaner_US_SPC_Install_20230210,1757435127985202.0,2023-02-11,28,99.62,3.56,9,4.15,4.64,6.73,9.37,10.45,11.65,12.87,13.74,14.09,15.61,16.79,18.26,19.25,19.74,20.01,20.15,20.54,20.76,20.91,21.06,21.22,21.41,21.87,22.36,22.36,22.36,22.36,22.36,22.36
Facebook Ads,$facebook_int$AND$BR$MAItangjie0131 – Copy,2.3853623887190404e+16,2023-02-10,27,7.52,0.28,8,9.95,12.13,12.82,12.97,13.38,13.69,13.73,13.78,13.84,13.87,13.87,13.87,13.87,14.05,14.16,14.29,14.42,14.57,14.74,14.86,15.01,15.2,15.44,15.93,16.67,16.67,16.67,16.67,16.67
Facebook Ads,youdaozhixuan_Liveme_FB_mess cleaner_US_03_aaa_page_ys_0209_ON,2.385363419980077e+16,2023-02-09,24,16.12,0.67,4,41.08,45.86,47.76,49.62,50.46,51.19,51.19,51.19,52.18,55.81,55.81,55.81,55.81,55.81,55.81,55.81,55.81,55.81,55.81,55.81,55.81,55.82,55.85,56.89,56.89,56.89,56.89,56.89,56.89
bytedanceglobal_int,Messcleaner_US_SPC_Install_20230210,1757435127985202.0,2023-02-13,15,65.8,4.39,3,2.2,2.67,3.64,4.33,5.04,5.17,5.62,5.62,5.62,5.83,6.28,6.31,6.32,6.33,6.35,6.41,6.45,6.78,6.96,7.0,7.0,8.2,8.2,8.2,8.2,8.2,8.2,8.2,8.2
Facebook Ads,$facebook_int$AND$BR$MAItangjie0131,2.3853613270300404e+16,2023-02-14,14,0.6,0.04,6,51.43,67.18,72.01,75.63,78.86,84.02,93.58,105.42,105.42,110.58,111.67,112.13,112.77,113.52,115.13,116.35,116.92,129.37,130.7,133.31,153.56,153.56,153.56,153.56,153.56,153.56,153.56,153.56,153.56
googleadwords_int,MessCleaner_AND_US_UAC1.0_Bid0.50_Xueqing_20221209,19193821324.0,2023-02-15,8,,,4,0.0,0.0,0.0,0.0,0.0,0.0,0.0,0.0,0.0,0.0,0.0,0.0,0.0,0.0,0.0,0.0,0.0,0.0,0.0,0.0,0.0,0.0,0.0,0.0,0.0,0.0,0.0,0.0,0.0
Facebook Ads,$facebook_int$AND$PH$MAItangjie0131,2.3853612916580404e+16,2023-02-11,7,0.0,0.0,3,0.0,0.0,0.0,0.0,0.0,0.0,0.0,0.0,0.0,0.0,0.0,0.0,0.0,0.0,0.0,0.0,0.0,0.0,0.0,0.0,0.0,0.0,0.0,0.0,0.0,0.0,0.0,0.0,0.0
Facebook Ads,$facebook_int$AND$US$MAItangjie0113手动出价,2.3853429237580404e+16,2023-02-08,4,0.0,0.0,3,0.0,0.0,0.0,0.0,0.0,0.0,0.0,0.0,0.0,0.0,0.0,0.0,0.0,0.0,0.0,0.0,0.0,0.0,0.0,0.0,0.0,0.0,0.0,0.0,0.0,0.0,0.0,0.0,0.0
Facebook Ads,$facebook_int$AND$PH$MAItangjie0131,2.3853612916580404e+16,2023-02-12,4,,,1,0.0,0.0,0.0,0.0,0.0,0.0,0.0,0.0,0.0,0.0,0.0,0.0,0.0,0.0,0.0,0.0,0.0,0.0,0.0,0.0,0.0,0.0,0.0,0.0,0.0,0.0,0.0,0.0,0.0
bytedanceglobal_int,Messcleaner_US_SPC_Install_20230210,1757435127985202.0,2023-02-10,3,12.54,4.18,1,14.47,19.44,23.13,23.13,23.13,23.13,23.13,23.13,23.13,23.13,23.13,23.13,23.13,23.13,23.13,23.13,23.13,23.13,23.13,23.13,23.13,23.13,23.13,23.13,23.13,23.13,23.13,23.13,23.13
Facebook Ads,$facebook_int$AND$US$MAItangjie0113手动出价,2.3853429237580404e+16,2023-02-09,2,,,1,0.0,0.0,0.0,0.0,0.0,0.0,0.0,0.0,0.0,0.0,0.0,0.0,0.0,0.0,0.0,0.0,0.0,0.0,0.0,0.0,0.0,0.0,0.0,0.0,0.0,0.0,0.0,0.0,0.0
bytedanceglobal_int,Messcleaner_US_SPC_Install_20230210代,1757433215363121.0,2023-02-10,2,16.68,8.34,0,3.31,3.31,3.31,3.31,3.31,3.31,3.31,3.31,3.31,3.31,3.31,3.31,3.31,3.31,3.31,3.31,3.31,3.31,3.31,3.31,3.31,3.31,3.31,3.31,3.31,3.31,3.31,3.31,3.31
Facebook Ads,$facebook_int$AND$BR$MAItangjie0131,2.3853613270300404e+16,2023-02-15,2,0.0,0.0,1,0.0,0.0,0.0,0.0,0.0,0.0,0.0,0.0,0.0,0.0,0.0,0.0,0.0,0.0,0.0,0.0,0.0,0.0,0.0,0.0,0.0,0.0,0.0,0.0,0.0,0.0,0.0,0.0,0.0
Facebook Ads,$facebook_int$AND$US$MAItangjie0110,2.3853396928460404e+16,2023-02-08,2,0.0,0.0,1,0.0,0.0,0.0,0.0,0.0,0.0,0.0,0.0,0.0,0.0,0.0,0.0,0.0,0.0,0.0,0.0,0.0,0.0,0.0,0.0,0.0,0.0,0.0,0.0,0.0,0.0,0.0,0.0,0.0
Facebook Ads,$facebook_int$AND$US$MAItangjie0110,2.3853396928460404e+16,2023-02-14,1,,,0,0.0,0.0,0.0,0.0,0.0,0.0,0.0,0.0,0.0,0.0,0.0,0.0,0.0,0.0,0.0,0.0,0.0,0.0,0.0,0.0,0.0,0.0,0.0,0.0,0.0,0.0,0.0,0.0,0.0
Facebook Ads,$facebook_int$AND$BR$MAItangjie0131 – Copy,2.3853623887190404e+16,2023-02-12,1,,,0,0.0,0.0,0.0,0.0,0.0,0.0,0.0,0.0,0.0,0.0,0.0,0.0,0.0,0.0,0.0,0.0,0.0,0.0,0.0,0.0,0.0,0.0,0.0,0.0,0.0,0.0,0.0,0.0,0.0
Facebook Ads,$facebook_int$AND$BR$MAItangjie0131 – Copy,2.3853623887190404e+16,2023-02-14,1,,,0,0.0,0.0,0.0,0.0,0.0,0.0,0.0,0.0,0.0,0.0,0.0,0.0,0.0,0.0,0.0,0.0,0.0,0.0,0.0,0.0,0.0,0.0,0.0,0.0,0.0,0.0,0.0,0.0,0.0
Facebook Ads,$facebook_int$AND$PH$MAItangjie0131,2.3853612916580404e+16,2023-02-14,1,,,0,0.0,0.0,0.0,0.0,0.0,0.0,0.0,0.0,0.0,0.0,0.0,0.0,0.0,0.0,0.0,0.0,0.0,0.0,0.0,0.0,0.0,0.0,0.0,0.0,0.0,0.0,0.0,0.0,0.0
Facebook Ads,$facebook_int$AND$BR$MAItangjie0131 – Copy,2.3853623887190404e+16,2023-02-11,1,0.0,0.0,0,0.0,0.0,0.0,0.0,0.0,0.0,0.0,0.0,0.0,0.0,0.0,0.0,0.0,0.0,0.0,0.0,0.0,0.0,0.0,0.0,0.0,0.0,0.0,0.0,0.0,0.0,0.0,0.0,0.0
Facebook Ads,$facebook_int$AND$PT$MAItangjie0131,2.3853613357020404e+16,2023-02-09,1,,,0,0.0,0.0,0.0,0.0,0.0,0.0,0.0,0.0,0.0,0.0,0.0,0.0,0.0,0.0,0.0,0.0,0.0,0.0,0.0,0.0,0.0,0.0,0.0,0.0,0.0,0.0,0.0,0.0,0.0
Facebook Ads,$facebook_int$AND$PT$MAItangjie0131,2.3853613357020404e+16,2023-02-08,1,,,0,0.0,0.0,0.0,0.0,0.0,0.0,0.0,0.0,0.0,0.0,0.0,0.0,0.0,0.0,0.0,0.0,0.0,0.0,0.0,0.0,0.0,0.0,0.0,0.0,0.0,0.0,0.0,0.0,0.0
Facebook Ads,$facebook_int$AND$PH$MAItangjie0131,2.3853612916580404e+16,2023-02-13,1,,,1,0.0,0.0,0.0,0.0,0.0,0.0,0.0,0.0,0.0,0.0,0.0,0.0,0.0,0.0,0.0,0.0,0.0,0.0,0.0,0.0,0.0,0.0,0.0,0.0,0.0,0.0,0.0,0.0,0.0
Facebook Ads,$facebook_int$AND$BR$MAItangjie0131 – Copy,2.3853623887190404e+16,2023-02-13,1,,,0,0.0,0.0,0.0,0.0,0.0,0.0,0.0,0.0,0.0,0.0,0.0,0.0,0.0,0.0,0.0,0.0,0.0,0.0,0.0,0.0,0.0,0.0,0.0,0.0,0.0,0.0,0.0,0.0,0.0
